Date,ETF_Code,Stock_Symbol,Stock_Name,Weight
2026/3/3,00991A,2330,台灣積體,20.08
2026/3/3,00991A,8299,群聯電子,8.155
2026/3/3,00991A,2408,南亞科技,7.946
2026/3/3,00991A,2383,台光電子,6.468
2026/3/3,00991A,3037,欣興電子,5.737
2026/3/3,00991A,2308,台達電子,5.708
2026/3/3,00991A,7769,鴻勁精密,5.062
2026/3/3,00991A,6274,台燿科技,3.646
2026/3/3,00991A,5274,信驊科技,3.584
2026/3/3,00991A,6442,光紅建聖,3.068
2026/3/3,00991A,6223,旺矽科技,2.819
2026/3/3,00991A,3189,景碩科技,2.752
2026/3/3,00991A,2345,智邦科技,2.639
2026/3/3,00991A,2368,金像電子,2.61
2026/3/3,00991A,3017,奇鋐科技,2.572
2026/3/3,00991A,2449,京元電子,2.362
2026/3/3,00991A,3653,健策精密,2.354
2026/3/3,00991A,2404,漢唐集成,2.162
2026/3/3,00991A,2344,華邦電子,1.917
2026/3/3,00991A,1303,南亞塑膠,1.909
2026/3/3,00991A,2337,旺宏電子,1.902
2026/3/3,00991A,8358,金居開發,1.844
2026/3/3,00991A,6515,穎崴科技,0.018
2026/3/3,00991A,6669,緯穎科技,0.016
2026/3/3,00991A,6510,中華精測,0.014
2026/3/3,00991A,3044,健鼎科技,0.013
2026/3/3,00991A,3661,世芯-KY,0.013
2026/3/3,00991A,2059,川湖科技,0.013
2026/3/3,00991A,3711,日月光投,0.013
2026/3/3,00991A,1477,聚陽實業,0.011
2026/3/3,00991A,2382,廣達電腦,0.01
2026/3/3,00991A,3443,創意電子,0.01
2026/3/3,00991A,6239,力成科技,0.008
2026/3/3,00991A,2317,鴻海精密,0.008
2026/3/3,00991A,2603,長榮海運,0.008
2026/3/3,00991A,2454,聯發科技,0.007
2026/3/3,00991A,3665,貿聯-KY,0.006
2026/3/3,00991A,2645,長榮航太,0.006
2026/3/3,00991A,2360,致茂電子,0.005
2026/3/3,00991A,1590,亞德客-KY,0.005
2026/3/3,00991A,3231,緯創資通,0.005
2026/3/3,00991A,6781,AES-KY,0.004
2026/3/3,00991A,5347,世界先進,0.004
2026/3/3,00991A,1519,華城電機,0.004
2026/3/3,00991A,8210,勤誠興業,0.004
2026/3/3,00991A,2881,富邦金融,0.003
2026/3/3,00991A,2882,國泰金融,0.003
2026/3/3,00991A,2891,中國信託,0.002
2026/3/3,00991A,2885,元大金融,0.002
2026/3/3,00991A,3036,文曄科技,0.001
2026/3/4,00991A,2330,台灣積體,20.095
2026/3/4,00991A,8299,群聯電子,8.226
2026/3/4,00991A,2408,南亞科技,7.542
2026/3/4,00991A,2383,台光電子,6.604
2026/3/4,00991A,2308,台達電子,5.55
2026/3/4,00991A,3037,欣興電子,5.365
2026/3/4,00991A,7769,鴻勁精密,5.04
2026/3/4,00991A,5274,信驊科技,3.48
2026/3/4,00991A,6274,台燿科技,3.451
2026/3/4,00991A,6442,光紅建聖,2.871
2026/3/4,00991A,3017,奇鋐科技,2.814
2026/3/4,00991A,6223,旺矽科技,2.727
2026/3/4,00991A,2345,智邦科技,2.676
2026/3/4,00991A,3189,景碩科技,2.631
2026/3/4,00991A,2368,金像電子,2.508
2026/3/4,00991A,3653,健策精密,2.316
2026/3/4,00991A,2449,京元電子,2.235
2026/3/4,00991A,2404,漢唐集成,2.211
2026/3/4,00991A,8358,金居開發,1.896
2026/3/4,00991A,2337,旺宏電子,1.852
2026/3/4,00991A,1303,南亞塑膠,1.849
2026/3/4,00991A,2344,華邦電子,1.84
2026/3/4,00991A,2603,長榮海運,1.692
2026/3/4,00991A,6515,穎崴科技,0.018
2026/3/4,00991A,6669,緯穎科技,0.016
2026/3/4,00991A,6510,中華精測,0.014
2026/3/4,00991A,2059,川湖科技,0.013
2026/3/4,00991A,3044,健鼎科技,0.013
2026/3/4,00991A,3661,世芯-KY,0.013
2026/3/4,00991A,3711,日月光投,0.012
2026/3/4,00991A,1477,聚陽實業,0.011
2026/3/4,00991A,2382,廣達電腦,0.01
2026/3/4,00991A,3443,創意電子,0.009
2026/3/4,00991A,2317,鴻海精密,0.008
2026/3/4,00991A,6239,力成科技,0.008
2026/3/4,00991A,2454,聯發科技,0.007
2026/3/4,00991A,3665,貿聯-KY,0.006
2026/3/4,00991A,2645,長榮航太,0.006
2026/3/4,00991A,2360,致茂電子,0.005
2026/3/4,00991A,3231,緯創資通,0.005
2026/3/4,00991A,1590,亞德客-KY,0.004
2026/3/4,00991A,5347,世界先進,0.004
2026/3/4,00991A,6781,AES-KY,0.004
2026/3/4,00991A,1519,華城電機,0.004
2026/3/4,00991A,8210,勤誠興業,0.004
2026/3/4,00991A,2881,富邦金融,0.003
2026/3/4,00991A,2882,國泰金融,0.003
2026/3/4,00991A,2891,中國信託,0.002
2026/3/4,00991A,2885,元大金融,0.002
2026/3/4,00991A,3036,文曄科技,0.001
2026/3/5,00991A,2330,台灣積體,19.605
2026/3/5,00991A,8299,群聯電子,8.504
2026/3/5,00991A,2408,南亞科技,7.786
2026/3/5,00991A,2383,台光電子,7.151
2026/3/5,00991A,2308,台達電子,5.55
2026/3/5,00991A,3037,欣興電子,5.443
2026/3/5,00991A,7769,鴻勁精密,5.054
2026/3/5,00991A,5274,信驊科技,3.598
2026/3/5,00991A,6274,台燿科技,3.347
2026/3/5,00991A,3017,奇鋐科技,2.752
2026/3/5,00991A,6223,旺矽科技,2.742
2026/3/5,00991A,2345,智邦科技,2.737
2026/3/5,00991A,3189,景碩科技,2.586
2026/3/5,00991A,6442,光紅建聖,2.551
2026/3/5,00991A,2368,金像電子,2.448
2026/3/5,00991A,3653,健策精密,2.374
2026/3/5,00991A,2404,漢唐集成,2.287
2026/3/5,00991A,3711,日月光投,2.271
2026/3/5,00991A,2449,京元電子,2.23
2026/3/5,00991A,1303,南亞塑膠,2.18
2026/3/5,00991A,2337,旺宏電子,1.91
2026/3/5,00991A,2344,華邦電子,1.863
2026/3/5,00991A,2603,長榮海運,1.579
2026/3/5,00991A,6515,穎崴科技,0.018
2026/3/5,00991A,6669,緯穎科技,0.016
2026/3/5,00991A,6510,中華精測,0.014
2026/3/5,00991A,3044,健鼎科技,0.013
2026/3/5,00991A,2059,川湖科技,0.013
2026/3/5,00991A,3661,世芯-KY,0.012
2026/3/5,00991A,1477,聚陽實業,0.011
2026/3/5,00991A,2382,廣達電腦,0.01
2026/3/5,00991A,2327,國巨股份,0.009
2026/3/5,00991A,3443,創意電子,0.009
2026/3/5,00991A,2317,鴻海精密,0.008
2026/3/5,00991A,6239,力成科技,0.008
2026/3/5,00991A,2313,華通電腦,0.007
2026/3/5,00991A,2454,聯發科技,0.007
2026/3/5,00991A,3665,貿聯-KY,0.007
2026/3/5,00991A,2645,長榮航太,0.006
2026/3/5,00991A,2360,致茂電子,0.005
2026/3/5,00991A,3231,緯創資通,0.004
2026/3/5,00991A,1590,亞德客-KY,0.004
2026/3/5,00991A,5347,世界先進,0.004
2026/3/5,00991A,8210,勤誠興業,0.004
2026/3/5,00991A,1519,華城電機,0.004
2026/3/5,00991A,2881,富邦金融,0.003
2026/3/5,00991A,2882,國泰金融,0.003
2026/3/5,00991A,2891,中國信託,0.002
2026/3/5,00991A,2885,元大金融,0.002
2026/3/5,00991A,3036,文曄科技,0.001
2026/3/6,00991A,2330,台灣積體,19.722
2026/3/6,00991A,8299,群聯電子,8.457
2026/3/6,00991A,2383,台光電子,7.217
2026/3/6,00991A,2408,南亞科技,7.125
2026/3/6,00991A,2308,台達電子,5.55
2026/3/6,00991A,3037,欣興電子,5.284
2026/3/6,00991A,7769,鴻勁精密,5.075
2026/3/6,00991A,5274,信驊科技,3.71
2026/3/6,00991A,6223,旺矽科技,3.117
2026/3/6,00991A,2345,智邦科技,3.08
2026/3/6,00991A,3017,奇鋐科技,3.032
2026/3/6,00991A,2368,金像電子,2.664
2026/3/6,00991A,3653,健策精密,2.611
2026/3/6,00991A,6274,台燿科技,2.601
2026/3/6,00991A,3189,景碩科技,2.563
2026/3/6,00991A,6442,光紅建聖,2.463
2026/3/6,00991A,2404,漢唐集成,2.313
2026/3/6,00991A,3711,日月光投,2.222
2026/3/6,00991A,1303,南亞塑膠,2.202
2026/3/6,00991A,2449,京元電子,2.175
2026/3/6,00991A,2337,旺宏電子,1.841
2026/3/6,00991A,2344,華邦電子,1.791
2026/3/6,00991A,2603,長榮海運,1.616
2026/3/6,00991A,6515,穎崴科技,0.02
2026/3/6,00991A,6669,緯穎科技,0.016
2026/3/6,00991A,6510,中華精測,0.014
2026/3/6,00991A,3044,健鼎科技,0.013
2026/3/6,00991A,3661,世芯-KY,0.013
2026/3/6,00991A,2059,川湖科技,0.012
2026/3/6,00991A,1477,聚陽實業,0.011
2026/3/6,00991A,2382,廣達電腦,0.01
2026/3/6,00991A,2327,國巨股份,0.009
2026/3/6,00991A,3443,創意電子,0.009
2026/3/6,00991A,6239,力成科技,0.008
2026/3/6,00991A,2317,鴻海精密,0.008
2026/3/6,00991A,2313,華通電腦,0.007
2026/3/6,00991A,2454,聯發科技,0.007
2026/3/6,00991A,3665,貿聯-KY,0.007
2026/3/6,00991A,2645,長榮航太,0.006
2026/3/6,00991A,2360,致茂電子,0.005
2026/3/6,00991A,3231,緯創資通,0.004
2026/3/6,00991A,5347,世界先進,0.004
2026/3/6,00991A,1590,亞德客-KY,0.004
2026/3/6,00991A,1519,華城電機,0.004
2026/3/6,00991A,8210,勤誠興業,0.004
2026/3/6,00991A,2881,富邦金融,0.003
2026/3/6,00991A,2882,國泰金融,0.003
2026/3/6,00991A,2891,中國信託,0.002
2026/3/6,00991A,2885,元大金融,0.002
2026/3/6,00991A,3036,文曄科技,0.001
2026/3/9,00991A,2330,台灣積體,20.013
2026/3/9,00991A,8299,群聯電子,8.126
2026/3/9,00991A,2383,台光電子,7.047
2026/3/9,00991A,2408,南亞科技,6.804
2026/3/9,00991A,2308,台達電子,5.435
2026/3/9,00991A,3037,欣興電子,5.042
2026/3/9,00991A,7769,鴻勁精密,5.014
2026/3/9,00991A,5274,信驊科技,3.746
2026/3/9,00991A,2345,智邦科技,3.074
2026/3/9,00991A,6223,旺矽科技,3.03
2026/3/9,00991A,3017,奇鋐科技,2.9
2026/3/9,00991A,2368,金像電子,2.712
2026/3/9,00991A,3653,健策精密,2.576
2026/3/9,00991A,3189,景碩科技,2.464
2026/3/9,00991A,2404,漢唐集成,2.384
2026/3/9,00991A,6442,光紅建聖,2.355
2026/3/9,00991A,3711,日月光投,2.203
2026/3/9,00991A,2449,京元電子,2.203
2026/3/9,00991A,6274,台燿科技,2.115
2026/3/9,00991A,1303,南亞塑膠,2.101
2026/3/9,00991A,2344,華邦電子,1.8
2026/3/9,00991A,2337,旺宏電子,1.757
2026/3/9,00991A,2603,長榮海運,1.713
2026/3/9,00991A,6515,穎崴科技,0.02
2026/3/9,00991A,6669,緯穎科技,0.016
2026/3/9,00991A,6510,中華精測,0.013
2026/3/9,00991A,3044,健鼎科技,0.013
2026/3/9,00991A,2059,川湖科技,0.012
2026/3/9,00991A,3661,世芯-KY,0.012
2026/3/9,00991A,1477,聚陽實業,0.011
2026/3/9,00991A,2382,廣達電腦,0.01
2026/3/9,00991A,2327,國巨股份,0.009
2026/3/9,00991A,3443,創意電子,0.009
2026/3/9,00991A,2317,鴻海精密,0.008
2026/3/9,00991A,6239,力成科技,0.007
2026/3/9,00991A,2454,聯發科技,0.007
2026/3/9,00991A,2313,華通電腦,0.007
2026/3/9,00991A,3665,貿聯-KY,0.006
2026/3/9,00991A,2645,長榮航太,0.006
2026/3/9,00991A,2360,致茂電子,0.005
2026/3/9,00991A,3231,緯創資通,0.005
2026/3/9,00991A,5347,世界先進,0.004
2026/3/9,00991A,1590,亞德客-KY,0.004
2026/3/9,00991A,1519,華城電機,0.004
2026/3/9,00991A,8210,勤誠興業,0.004
2026/3/9,00991A,2881,富邦金融,0.003
2026/3/9,00991A,2882,國泰金融,0.003
2026/3/9,00991A,2891,中國信託,0.002
2026/3/9,00991A,2885,元大金融,0.002
2026/3/9,00991A,3036,文曄科技,0.001
2026/3/10,00991A,2330,台灣積體,19.495
2026/3/10,00991A,8299,群聯電子,8.42
2026/3/10,00991A,2383,台光電子,7.334
2026/3/10,00991A,2408,南亞科技,7.133
2026/3/10,00991A,2308,台達電子,5.477
2026/3/10,00991A,3037,欣興電子,5.237
2026/3/10,00991A,7769,鴻勁精密,4.991
2026/3/10,00991A,5274,信驊科技,3.64
2026/3/10,00991A,6223,旺矽科技,3.174
2026/3/10,00991A,2345,智邦科技,3.047
2026/3/10,00991A,3017,奇鋐科技,2.813
2026/3/10,00991A,2368,金像電子,2.775
2026/3/10,00991A,3653,健策精密,2.698
2026/3/10,00991A,3189,景碩科技,2.433
2026/3/10,00991A,2449,京元電子,2.262
2026/3/10,00991A,6442,光紅建聖,2.238
2026/3/10,00991A,2404,漢唐集成,2.208
2026/3/10,00991A,3711,日月光投,2.202
2026/3/10,00991A,1303,南亞塑膠,2.099
2026/3/10,00991A,6274,台燿科技,2.073
2026/3/10,00991A,3665,貿聯-KY,1.933
2026/3/10,00991A,6515,穎崴科技,1.902
2026/3/10,00991A,2344,華邦電子,1.792
2026/3/10,00991A,2337,旺宏電子,1.646
2026/3/10,00991A,6669,緯穎科技,0.015
2026/3/10,00991A,6510,中華精測,0.013
2026/3/10,00991A,3044,健鼎科技,0.013
2026/3/10,00991A,2059,川湖科技,0.012
2026/3/10,00991A,3661,世芯-KY,0.012
2026/3/10,00991A,1477,聚陽實業,0.01
2026/3/10,00991A,2382,廣達電腦,0.01
2026/3/10,00991A,2327,國巨股份,0.009
2026/3/10,00991A,3443,創意電子,0.009
2026/3/10,00991A,6239,力成科技,0.007
2026/3/10,00991A,2317,鴻海精密,0.007
2026/3/10,00991A,2603,長榮海運,0.007
2026/3/10,00991A,2313,華通電腦,0.007
2026/3/10,00991A,2454,聯發科技,0.007
2026/3/10,00991A,2645,長榮航太,0.005
2026/3/10,00991A,2360,致茂電子,0.005
2026/3/10,00991A,3231,緯創資通,0.004
2026/3/10,00991A,5347,世界先進,0.004
2026/3/10,00991A,1590,亞德客-KY,0.004
2026/3/10,00991A,1519,華城電機,0.004
2026/3/10,00991A,8210,勤誠興業,0.003
2026/3/10,00991A,2881,富邦金融,0.003
2026/3/10,00991A,2882,國泰金融,0.002
2026/3/10,00991A,2891,中國信託,0.002
2026/3/10,00991A,2885,元大金融,0.002
2026/3/10,00991A,3036,文曄科技,0.001
2026/3/11,00991A,2330,台灣積體,19.251
2026/3/11,00991A,8299,群聯電子,8.587
2026/3/11,00991A,2408,南亞科技,7.386
2026/3/11,00991A,2383,台光電子,7.124
2026/3/11,00991A,2308,台達電子,5.598
2026/3/11,00991A,3037,欣興電子,5.42
2026/3/11,00991A,7769,鴻勁精密,4.952
2026/3/11,00991A,5274,信驊科技,3.289
2026/3/11,00991A,6223,旺矽科技,3.284
2026/3/11,00991A,2345,智邦科技,2.969
2026/3/11,00991A,3017,奇鋐科技,2.907
2026/3/11,00991A,2368,金像電子,2.872
2026/3/11,00991A,3653,健策精密,2.533
2026/3/11,00991A,3189,景碩科技,2.429
2026/3/11,00991A,6442,光紅建聖,2.237
2026/3/11,00991A,2449,京元電子,2.225
2026/3/11,00991A,2404,漢唐集成,2.169
2026/3/11,00991A,3711,日月光投,2.135
2026/3/11,00991A,1303,南亞塑膠,2.097
2026/3/11,00991A,6274,台燿科技,2.042
2026/3/11,00991A,6515,穎崴科技,1.93
2026/3/11,00991A,3665,貿聯-KY,1.925
2026/3/11,00991A,2344,華邦電子,1.823
2026/3/11,00991A,2337,旺宏電子,1.703
2026/3/11,00991A,6669,緯穎科技,0.015
2026/3/11,00991A,6510,中華精測,0.014
2026/3/11,00991A,2059,川湖科技,0.012
2026/3/11,00991A,3044,健鼎科技,0.012
2026/3/11,00991A,2382,廣達電腦,0.009
2026/3/11,00991A,2327,國巨股份,0.009
2026/3/11,00991A,2317,鴻海精密,0.007
2026/3/11,00991A,6239,力成科技,0.007
2026/3/11,00991A,2603,長榮海運,0.007
2026/3/11,00991A,2313,華通電腦,0.007
2026/3/11,00991A,2454,聯發科技,0.006
2026/3/11,00991A,2360,致茂電子,0.005
2026/3/11,00991A,3231,緯創資通,0.004
2026/3/11,00991A,5347,世界先進,0.004
2026/3/11,00991A,1590,亞德客-KY,0.004
2026/3/11,00991A,1519,華城電機,0.003
2026/3/11,00991A,8210,勤誠興業,0.003
2026/3/11,00991A,2881,富邦金融,0.003
2026/3/11,00991A,2882,國泰金融,0.002
2026/3/11,00991A,2891,中國信託,0.002
2026/3/11,00991A,2885,元大金融,0.001
2026/3/11,00991A,1477,聚陽實業,0.001
2026/3/11,00991A,3036,文曄科技,0.001
2026/3/11,00991A,2645,長榮航太,0.001
2026/3/11,00991A,2412,中華電信,0
2026/3/11,00991A,3045,台灣大哥,0
2026/3/12,00991A,2330,台灣積體,18.908
2026/3/12,00991A,8299,群聯電子,8.313
2026/3/12,00991A,2383,台光電子,7.642
2026/3/12,00991A,2408,南亞科技,7.04
2026/3/12,00991A,3037,欣興電子,5.644
2026/3/12,00991A,2308,台達電子,5.537
2026/3/12,00991A,7769,鴻勁精密,5.006
2026/3/12,00991A,6223,旺矽科技,3.648
2026/3/12,00991A,5274,信驊科技,3.47
2026/3/12,00991A,2345,智邦科技,3.041
2026/3/12,00991A,3017,奇鋐科技,2.962
2026/3/12,00991A,2368,金像電子,2.946
2026/3/12,00991A,3653,健策精密,2.528
2026/3/12,00991A,3189,景碩科技,2.442
2026/3/12,00991A,2449,京元電子,2.205
2026/3/12,00991A,2404,漢唐集成,2.152
2026/3/12,00991A,6442,光紅建聖,2.111
2026/3/12,00991A,6515,穎崴科技,2.093
2026/3/12,00991A,3711,日月光投,2.092
2026/3/12,00991A,1303,南亞塑膠,1.993
2026/3/12,00991A,3665,貿聯-KY,1.922
2026/3/12,00991A,2344,華邦電子,1.762
2026/3/12,00991A,2337,旺宏電子,1.71
2026/3/12,00991A,6669,緯穎科技,0.015
2026/3/12,00991A,6510,中華精測,0.015
2026/3/12,00991A,2059,川湖科技,0.012
2026/3/12,00991A,2382,廣達電腦,0.01
2026/3/12,00991A,2327,國巨股份,0.008
2026/3/12,00991A,2317,鴻海精密,0.007
2026/3/12,00991A,2603,長榮海運,0.007
2026/3/12,00991A,6239,力成科技,0.007
2026/3/12,00991A,2313,華通電腦,0.007
2026/3/12,00991A,2454,聯發科技,0.007
2026/3/12,00991A,2360,致茂電子,0.005
2026/3/12,00991A,3231,緯創資通,0.004
2026/3/12,00991A,1590,亞德客-KY,0.004
2026/3/12,00991A,5347,世界先進,0.004
2026/3/12,00991A,1519,華城電機,0.003
2026/3/12,00991A,8210,勤誠興業,0.003
2026/3/12,00991A,2881,富邦金融,0.003
2026/3/12,00991A,2882,國泰金融,0.002
2026/3/12,00991A,6274,台燿科技,0.002
2026/3/12,00991A,2891,中國信託,0.002
2026/3/12,00991A,2885,元大金融,0.001
2026/3/12,00991A,3044,健鼎科技,0.001
2026/3/12,00991A,1477,聚陽實業,0.001
2026/3/12,00991A,3036,文曄科技,0.001
2026/3/12,00991A,2645,長榮航太,0.001
2026/3/12,00991A,2412,中華電信,0
2026/3/12,00991A,3045,台灣大哥,0
2026/3/13,00991A,2330,台灣積體,18.722
2026/3/13,00991A,8299,群聯電子,8.274
2026/3/13,00991A,2383,台光電子,7.957
2026/3/13,00991A,2408,南亞科技,7.001
2026/3/13,00991A,3037,欣興電子,5.978
2026/3/13,00991A,2308,台達電子,5.602
2026/3/13,00991A,7769,鴻勁精密,4.721
2026/3/13,00991A,6223,旺矽科技,3.59
2026/3/13,00991A,5274,信驊科技,3.473
2026/3/13,00991A,2368,金像電子,3.026
2026/3/13,00991A,3017,奇鋐科技,2.949
2026/3/13,00991A,2345,智邦科技,2.872
2026/3/13,00991A,3189,景碩科技,2.685
2026/3/13,00991A,2449,京元電子,2.173
2026/3/13,00991A,1303,南亞塑膠,2.149
2026/3/13,00991A,3711,日月光投,2.135
2026/3/13,00991A,6442,光紅建聖,2.113
2026/3/13,00991A,6515,穎崴科技,2.08
2026/3/13,00991A,2404,漢唐集成,2.043
2026/3/13,00991A,3653,健策精密,2.028
2026/3/13,00991A,2337,旺宏電子,1.875
2026/3/13,00991A,3665,貿聯-KY,1.871
2026/3/13,00991A,2344,華邦電子,1.764
2026/3/13,00991A,6669,緯穎科技,0.015
2026/3/13,00991A,6510,中華精測,0.014
2026/3/13,00991A,2059,川湖科技,0.012
2026/3/13,00991A,2382,廣達電腦,0.01
2026/3/13,00991A,2327,國巨股份,0.009
2026/3/13,00991A,2317,鴻海精密,0.007
2026/3/13,00991A,2313,華通電腦,0.007
2026/3/13,00991A,2603,長榮海運,0.007
2026/3/13,00991A,2454,聯發科技,0.006
2026/3/13,00991A,2360,致茂電子,0.006
2026/3/13,00991A,3231,緯創資通,0.004
2026/3/13,00991A,5347,世界先進,0.004
2026/3/13,00991A,1590,亞德客-KY,0.004
2026/3/13,00991A,1519,華城電機,0.003
2026/3/13,00991A,8210,勤誠興業,0.003
2026/3/13,00991A,2881,富邦金融,0.003
2026/3/13,00991A,2882,國泰金融,0.002
2026/3/13,00991A,6274,台燿科技,0.002
2026/3/13,00991A,2891,中國信託,0.002
2026/3/13,00991A,2885,元大金融,0.001
2026/3/13,00991A,3044,健鼎科技,0.001
2026/3/13,00991A,1477,聚陽實業,0.001
2026/3/13,00991A,3036,文曄科技,0.001
2026/3/13,00991A,6239,力成科技,0.001
2026/3/13,00991A,2645,長榮航太,0.001
2026/3/13,00991A,2412,中華電信,0.001
2026/3/13,00991A,3045,台灣大哥,0
2026/3/16,00991A,2330,台灣積體,18.173
2026/3/16,00991A,8299,群聯電子,8.93
2026/3/16,00991A,2408,南亞科技,7.548
2026/3/16,00991A,2383,台光電子,7.461
2026/3/16,00991A,3037,欣興電子,6.339
2026/3/16,00991A,2308,台達電子,5.398
2026/3/16,00991A,7769,鴻勁精密,4.778
2026/3/16,00991A,6223,旺矽科技,3.537
2026/3/16,00991A,5274,信驊科技,3.343
2026/3/16,00991A,2368,金像電子,2.886
2026/3/16,00991A,3017,奇鋐科技,2.839
2026/3/16,00991A,3189,景碩科技,2.797
2026/3/16,00991A,2345,智邦科技,2.758
2026/3/16,00991A,1303,南亞塑膠,2.253
2026/3/16,00991A,8046,南亞電路,2.246
2026/3/16,00991A,6442,光紅建聖,2.128
2026/3/16,00991A,3653,健策精密,2.079
2026/3/16,00991A,2449,京元電子,2.078
2026/3/16,00991A,3711,日月光投,2.07
2026/3/16,00991A,2337,旺宏電子,2.018
2026/3/16,00991A,6515,穎崴科技,2
2026/3/16,00991A,3665,貿聯-KY,1.899
2026/3/16,00991A,2344,華邦電子,1.857
2026/3/16,00991A,2404,漢唐集成,1.635
2026/3/16,00991A,6669,緯穎科技,0.014
2026/3/16,00991A,6510,中華精測,0.013
2026/3/16,00991A,2059,川湖科技,0.012
2026/3/16,00991A,2382,廣達電腦,0.009
2026/3/16,00991A,2327,國巨股份,0.008
2026/3/16,00991A,2313,華通電腦,0.007
2026/3/16,00991A,2317,鴻海精密,0.007
2026/3/16,00991A,2603,長榮海運,0.007
2026/3/16,00991A,2454,聯發科技,0.006
2026/3/16,00991A,2360,致茂電子,0.005
2026/3/16,00991A,3231,緯創資通,0.004
2026/3/16,00991A,5347,世界先進,0.004
2026/3/16,00991A,1590,亞德客-KY,0.004
2026/3/16,00991A,1519,華城電機,0.003
2026/3/16,00991A,8210,勤誠興業,0.003
2026/3/16,00991A,2881,富邦金融,0.003
2026/3/16,00991A,2882,國泰金融,0.002
2026/3/16,00991A,6274,台燿科技,0.002
2026/3/16,00991A,2891,中國信託,0.002
2026/3/16,00991A,2885,元大金融,0.001
2026/3/16,00991A,3044,健鼎科技,0.001
2026/3/16,00991A,1477,聚陽實業,0.001
2026/3/16,00991A,3036,文曄科技,0.001
2026/3/16,00991A,2645,長榮航太,0.001
2026/3/16,00991A,2412,中華電信,0
2026/3/16,00991A,3045,台灣大哥,0
2026/3/17,00991A,2330,台灣積體,18.071
2026/3/17,00991A,8299,群聯電子,8.606
2026/3/17,00991A,2408,南亞科技,7.689
2026/3/17,00991A,2383,台光電子,7.646
2026/3/17,00991A,3037,欣興電子,6.151
2026/3/17,00991A,2308,台達電子,5.607
2026/3/17,00991A,7769,鴻勁精密,4.866
2026/3/17,00991A,5274,信驊科技,3.606
2026/3/17,00991A,6223,旺矽科技,3.485
2026/3/17,00991A,3017,奇鋐科技,2.9
2026/3/17,00991A,2368,金像電子,2.857
2026/3/17,00991A,2345,智邦科技,2.833
2026/3/17,00991A,3189,景碩科技,2.78
2026/3/17,00991A,3653,健策精密,2.242
2026/3/17,00991A,2337,旺宏電子,2.171
2026/3/17,00991A,1303,南亞塑膠,2.119
2026/3/17,00991A,8046,南亞電路,2.118
2026/3/17,00991A,6515,穎崴科技,2.109
2026/3/17,00991A,2449,京元電子,2.081
2026/3/17,00991A,3711,日月光投,2.058
2026/3/17,00991A,6442,光紅建聖,2.028
2026/3/17,00991A,3665,貿聯-KY,1.971
2026/3/17,00991A,2344,華邦電子,1.924
2026/3/17,00991A,6669,緯穎科技,0.014
2026/3/17,00991A,6510,中華精測,0.013
2026/3/17,00991A,2059,川湖科技,0.012
2026/3/17,00991A,2382,廣達電腦,0.009
2026/3/17,00991A,2327,國巨股份,0.009
2026/3/17,00991A,2313,華通電腦,0.008
2026/3/17,00991A,2603,長榮海運,0.007
2026/3/17,00991A,2317,鴻海精密,0.007
2026/3/17,00991A,2454,聯發科技,0.006
2026/3/17,00991A,2360,致茂電子,0.005
2026/3/17,00991A,3231,緯創資通,0.004
2026/3/17,00991A,5347,世界先進,0.004
2026/3/17,00991A,1590,亞德客-KY,0.004
2026/3/17,00991A,1519,華城電機,0.003
2026/3/17,00991A,2404,漢唐集成,0.003
2026/3/17,00991A,8210,勤誠興業,0.003
2026/3/17,00991A,2881,富邦金融,0.003
2026/3/17,00991A,2882,國泰金融,0.002
2026/3/17,00991A,6274,台燿科技,0.002
2026/3/17,00991A,2891,中國信託,0.002
2026/3/17,00991A,2885,元大金融,0.001
2026/3/17,00991A,3044,健鼎科技,0.001
2026/3/17,00991A,1477,聚陽實業,0.001
2026/3/17,00991A,3036,文曄科技,0.001
2026/3/17,00991A,2645,長榮航太,0.001
2026/3/17,00991A,2412,中華電信,0
2026/3/17,00991A,3045,台灣大哥,0
2026/3/18,00991A,2330,台灣積體,17.777
2026/3/18,00991A,8299,群聯電子,8.439
2026/3/18,00991A,2408,南亞科技,7.83
2026/3/18,00991A,2383,台光電子,7.383
2026/3/18,00991A,3037,欣興電子,6.344
2026/3/18,00991A,2308,台達電子,5.508
2026/3/18,00991A,7769,鴻勁精密,4.866
2026/3/18,00991A,5274,信驊科技,3.798
2026/3/18,00991A,6223,旺矽科技,3.511
2026/3/18,00991A,2345,智邦科技,3.008
2026/3/18,00991A,3189,景碩科技,2.873
2026/3/18,00991A,2368,金像電子,2.758
2026/3/18,00991A,3017,奇鋐科技,2.719
2026/3/18,00991A,3653,健策精密,2.313
2026/3/18,00991A,2337,旺宏電子,2.305
2026/3/18,00991A,8046,南亞電路,2.287
2026/3/18,00991A,6515,穎崴科技,2.221
2026/3/18,00991A,2449,京元電子,2.208
2026/3/18,00991A,6442,光紅建聖,2.15
2026/3/18,00991A,3711,日月光投,2.077
2026/3/18,00991A,1303,南亞塑膠,2.063
2026/3/18,00991A,2344,華邦電子,1.925
2026/3/18,00991A,3665,貿聯-KY,1.849
2026/3/18,00991A,6669,緯穎科技,0.013
2026/3/18,00991A,6510,中華精測,0.013
2026/3/18,00991A,2059,川湖科技,0.012
2026/3/18,00991A,2382,廣達電腦,0.009
2026/3/18,00991A,2327,國巨股份,0.009
2026/3/18,00991A,2313,華通電腦,0.007
2026/3/18,00991A,2603,長榮海運,0.007
2026/3/18,00991A,2317,鴻海精密,0.006
2026/3/18,00991A,2454,聯發科技,0.006
2026/3/18,00991A,2360,致茂電子,0.005
2026/3/18,00991A,3231,緯創資通,0.004
2026/3/18,00991A,5347,世界先進,0.004
2026/3/18,00991A,1590,亞德客-KY,0.004
2026/3/18,00991A,2404,漢唐集成,0.003
2026/3/18,00991A,1519,華城電機,0.003
2026/3/18,00991A,8210,勤誠興業,0.003
2026/3/18,00991A,2881,富邦金融,0.003
2026/3/18,00991A,2882,國泰金融,0.002
2026/3/18,00991A,6274,台燿科技,0.002
2026/3/18,00991A,2891,中國信託,0.002
2026/3/18,00991A,2885,元大金融,0.001
2026/3/18,00991A,3044,健鼎科技,0.001
2026/3/18,00991A,1477,聚陽實業,0.001
2026/3/18,00991A,3036,文曄科技,0.001
2026/3/18,00991A,2645,長榮航太,0.001
2026/3/18,00991A,2412,中華電信,0
2026/3/18,00991A,3045,台灣大哥,0
2026/3/19,00991A,2330,台灣積體,17.259
2026/3/19,00991A,8299,群聯電子,8.573
2026/3/19,00991A,2383,台光電子,7.901
2026/3/19,00991A,2408,南亞科技,7.375
2026/3/19,00991A,3037,欣興電子,6.354
2026/3/19,00991A,2308,台達電子,5.469
2026/3/19,00991A,7769,鴻勁精密,4.62
2026/3/19,00991A,5274,信驊科技,3.706
2026/3/19,00991A,6223,旺矽科技,3.444
2026/3/19,00991A,2345,智邦科技,3.151
2026/3/19,00991A,2368,金像電子,3.022
2026/3/19,00991A,3189,景碩科技,3.014
2026/3/19,00991A,3017,奇鋐科技,2.961
2026/3/19,00991A,2337,旺宏電子,2.522
2026/3/19,00991A,8046,南亞電路,2.492
2026/3/19,00991A,3653,健策精密,2.266
2026/3/19,00991A,6442,光紅建聖,2.242
2026/3/19,00991A,6515,穎崴科技,2.218
2026/3/19,00991A,2449,京元電子,2.16
2026/3/19,00991A,3711,日月光投,2.016
2026/3/19,00991A,1303,南亞塑膠,2.014
2026/3/19,00991A,3665,貿聯-KY,1.881
2026/3/19,00991A,2344,華邦電子,1.834
2026/3/19,00991A,6669,緯穎科技,0.013
2026/3/19,00991A,2059,川湖科技,0.012
2026/3/19,00991A,6510,中華精測,0.012
2026/3/19,00991A,2382,廣達電腦,0.009
2026/3/19,00991A,2327,國巨股份,0.008
2026/3/19,00991A,2313,華通電腦,0.007
2026/3/19,00991A,2603,長榮海運,0.007
2026/3/19,00991A,2317,鴻海精密,0.006
2026/3/19,00991A,2454,聯發科技,0.006
2026/3/19,00991A,2360,致茂電子,0.005
2026/3/19,00991A,3231,緯創資通,0.004
2026/3/19,00991A,5347,世界先進,0.004
2026/3/19,00991A,1590,亞德客-KY,0.003
2026/3/19,00991A,1519,華城電機,0.003
2026/3/19,00991A,2404,漢唐集成,0.003
2026/3/19,00991A,8210,勤誠興業,0.003
2026/3/19,00991A,2881,富邦金融,0.003
2026/3/19,00991A,2882,國泰金融,0.002
2026/3/19,00991A,6274,台燿科技,0.002
2026/3/19,00991A,2891,中國信託,0.002
2026/3/19,00991A,2885,元大金融,0.001
2026/3/19,00991A,3044,健鼎科技,0.001
2026/3/19,00991A,1477,聚陽實業,0.001
2026/3/19,00991A,3036,文曄科技,0.001
2026/3/19,00991A,2645,長榮航太,0.001
2026/3/19,00991A,2412,中華電信,0
2026/3/19,00991A,3045,台灣大哥,0
2026/3/20,00991A,2330,台灣積體,17.314
2026/3/20,00991A,8299,群聯電子,8.581
2026/3/20,00991A,2383,台光電子,7.748
2026/3/20,00991A,2408,南亞科技,6.694
2026/3/20,00991A,3037,欣興電子,6.111
2026/3/20,00991A,2308,台達電子,5.592
2026/3/20,00991A,7769,鴻勁精密,4.598
2026/3/20,00991A,6223,旺矽科技,3.659
2026/3/20,00991A,5274,信驊科技,3.645
2026/3/20,00991A,2345,智邦科技,3.33
2026/3/20,00991A,3017,奇鋐科技,3.18
2026/3/20,00991A,3189,景碩科技,3.013
2026/3/20,00991A,2368,金像電子,2.997
2026/3/20,00991A,2337,旺宏電子,2.592
2026/3/20,00991A,6515,穎崴科技,2.46
2026/3/20,00991A,8046,南亞電路,2.424
2026/3/20,00991A,6442,光紅建聖,2.397
2026/3/20,00991A,3653,健策精密,2.256
2026/3/20,00991A,2449,京元電子,2.123
2026/3/20,00991A,3711,日月光投,2.016
2026/3/20,00991A,3665,貿聯-KY,2.013
2026/3/20,00991A,1303,南亞塑膠,1.892
2026/3/20,00991A,2344,華邦電子,1.668
2026/3/20,00991A,6669,緯穎科技,0.013
2026/3/20,00991A,6510,中華精測,0.012
2026/3/20,00991A,2059,川湖科技,0.012
2026/3/20,00991A,2382,廣達電腦,0.009
2026/3/20,00991A,2327,國巨股份,0.008
2026/3/20,00991A,2313,華通電腦,0.007
2026/3/20,00991A,2603,長榮海運,0.007
2026/3/20,00991A,2317,鴻海精密,0.006
2026/3/20,00991A,2454,聯發科技,0.006
2026/3/20,00991A,2360,致茂電子,0.005
2026/3/20,00991A,3231,緯創資通,0.004
2026/3/20,00991A,5347,世界先進,0.004
2026/3/20,00991A,1590,亞德客-KY,0.003
2026/3/20,00991A,2404,漢唐集成,0.003
2026/3/20,00991A,1519,華城電機,0.003
2026/3/20,00991A,8210,勤誠興業,0.003
2026/3/20,00991A,2881,富邦金融,0.003
2026/3/20,00991A,2882,國泰金融,0.002
2026/3/20,00991A,6274,台燿科技,0.002
2026/3/20,00991A,2891,中國信託,0.002
2026/3/20,00991A,2885,元大金融,0.001
2026/3/20,00991A,3044,健鼎科技,0.001
2026/3/20,00991A,1477,聚陽實業,0.001
2026/3/20,00991A,3036,文曄科技,0.001
2026/3/20,00991A,2645,長榮航太,0.001
2026/3/20,00991A,2412,中華電信,0
2026/3/20,00991A,3045,台灣大哥,0
2026/3/23,00991A,2330,台灣積體,17.576
2026/3/23,00991A,8299,群聯電子,8.324
2026/3/23,00991A,2383,台光電子,7.954
2026/3/23,00991A,2408,南亞科技,6.584
2026/3/23,00991A,3037,欣興電子,5.68
2026/3/23,00991A,2308,台達電子,5.517
2026/3/23,00991A,7769,鴻勁精密,4.566
2026/3/23,00991A,5274,信驊科技,3.67
2026/3/23,00991A,6223,旺矽科技,3.634
2026/3/23,00991A,2345,智邦科技,3.451
2026/3/23,00991A,3017,奇鋐科技,3.335
2026/3/23,00991A,2368,金像電子,3.011
2026/3/23,00991A,3189,景碩科技,2.831
2026/3/23,00991A,6515,穎崴科技,2.524
2026/3/23,00991A,2337,旺宏電子,2.483
2026/3/23,00991A,8046,南亞電路,2.469
2026/3/23,00991A,3653,健策精密,2.328
2026/3/23,00991A,6442,光紅建聖,2.237
2026/3/23,00991A,2360,致茂電子,2.217
2026/3/23,00991A,2449,京元電子,2.035
2026/3/23,00991A,3665,貿聯-KY,2.015
2026/3/23,00991A,3711,日月光投,1.992
2026/3/23,00991A,2344,華邦電子,1.682
2026/3/23,00991A,6669,緯穎科技,0.013
2026/3/23,00991A,6510,中華精測,0.012
2026/3/23,00991A,2059,川湖科技,0.012
2026/3/23,00991A,2382,廣達電腦,0.009
2026/3/23,00991A,2327,國巨股份,0.008
2026/3/23,00991A,2313,華通電腦,0.007
2026/3/23,00991A,2603,長榮海運,0.007
2026/3/23,00991A,2317,鴻海精密,0.006
2026/3/23,00991A,2454,聯發科技,0.006
2026/3/23,00991A,3231,緯創資通,0.004
2026/3/23,00991A,5347,世界先進,0.004
2026/3/23,00991A,1590,亞德客-KY,0.003
2026/3/23,00991A,2404,漢唐集成,0.003
2026/3/23,00991A,1519,華城電機,0.003
2026/3/23,00991A,8210,勤誠興業,0.003
2026/3/23,00991A,2881,富邦金融,0.003
2026/3/23,00991A,2882,國泰金融,0.002
2026/3/23,00991A,6274,台燿科技,0.002
2026/3/23,00991A,2891,中國信託,0.002
2026/3/23,00991A,2885,元大金融,0.001
2026/3/23,00991A,3044,健鼎科技,0.001
2026/3/23,00991A,1477,聚陽實業,0.001
2026/3/23,00991A,3036,文曄科技,0.001
2026/3/23,00991A,2645,長榮航太,0.001
2026/3/23,00991A,2412,中華電信,0
2026/3/23,00991A,3045,台灣大哥,0
2026/3/23,00991A,1303,南亞塑膠,0
2026/3/24,00991A,2330,台灣積體,17.94
2026/3/24,00991A,8299,群聯電子,7.953
2026/3/24,00991A,2383,台光電子,7.799
2026/3/24,00991A,2408,南亞科技,6.524
2026/3/24,00991A,2308,台達電子,5.651
2026/3/24,00991A,3037,欣興電子,5.344
2026/3/24,00991A,7769,鴻勁精密,4.389
2026/3/24,00991A,6223,旺矽科技,3.797
2026/3/24,00991A,2345,智邦科技,3.622
2026/3/24,00991A,5274,信驊科技,3.565
2026/3/24,00991A,3017,奇鋐科技,3.531
2026/3/24,00991A,2368,金像電子,2.837
2026/3/24,00991A,3189,景碩科技,2.676
2026/3/24,00991A,6515,穎崴科技,2.676
2026/3/24,00991A,6442,光紅建聖,2.67
2026/3/24,00991A,3653,健策精密,2.581
2026/3/24,00991A,8046,南亞電路,2.496
2026/3/24,00991A,2360,致茂電子,2.472
2026/3/24,00991A,2337,旺宏電子,2.329
2026/3/24,00991A,3711,日月光投,2.052
2026/3/24,00991A,2449,京元電子,2.022
2026/3/24,00991A,3665,貿聯-KY,2.01
2026/3/24,00991A,6669,緯穎科技,0.014
2026/3/24,00991A,2059,川湖科技,0.013
2026/3/24,00991A,6510,中華精測,0.012
2026/3/24,00991A,2382,廣達電腦,0.009
2026/3/24,00991A,2327,國巨股份,0.008
2026/3/24,00991A,2313,華通電腦,0.007
2026/3/24,00991A,2603,長榮海運,0.007
2026/3/24,00991A,2317,鴻海精密,0.006
2026/3/24,00991A,2454,聯發科技,0.006
2026/3/24,00991A,3231,緯創資通,0.004
2026/3/24,00991A,5347,世界先進,0.004
2026/3/24,00991A,1590,亞德客-KY,0.003
2026/3/24,00991A,2404,漢唐集成,0.003
2026/3/24,00991A,2344,華邦電子,0.003
2026/3/24,00991A,1519,華城電機,0.003
2026/3/24,00991A,8210,勤誠興業,0.003
2026/3/24,00991A,2881,富邦金融,0.003
2026/3/24,00991A,2882,國泰金融,0.002
2026/3/24,00991A,6274,台燿科技,0.002
2026/3/24,00991A,2891,中國信託,0.002
2026/3/24,00991A,2885,元大金融,0.001
2026/3/24,00991A,3044,健鼎科技,0.001
2026/3/24,00991A,1477,聚陽實業,0.001
2026/3/24,00991A,3036,文曄科技,0.001
2026/3/24,00991A,2645,長榮航太,0.001
2026/3/24,00991A,2412,中華電信,0
2026/3/24,00991A,3045,台灣大哥,0
2026/3/24,00991A,1303,南亞塑膠,0
2026/3/25,00991A,2330,台灣積體,17.392
2026/3/25,00991A,2383,台光電子,7.859
2026/3/25,00991A,8299,群聯電子,7.743
2026/3/25,00991A,2408,南亞科技,6.648
2026/3/25,00991A,2308,台達電子,5.887
2026/3/25,00991A,3037,欣興電子,5.591
2026/3/25,00991A,7769,鴻勁精密,4.337
2026/3/25,00991A,2345,智邦科技,3.782
2026/3/25,00991A,6223,旺矽科技,3.69
2026/3/25,00991A,3017,奇鋐科技,3.626
2026/3/25,00991A,5274,信驊科技,3.574
2026/3/25,00991A,2368,金像電子,3.024
2026/3/25,00991A,8046,南亞電路,2.797
2026/3/25,00991A,3189,景碩科技,2.791
2026/3/25,00991A,6442,光紅建聖,2.788
2026/3/25,00991A,6515,穎崴科技,2.626
2026/3/25,00991A,2360,致茂電子,2.581
2026/3/25,00991A,3653,健策精密,2.452
2026/3/25,00991A,2337,旺宏電子,2.304
2026/3/25,00991A,3711,日月光投,2.066
2026/3/25,00991A,3665,貿聯-KY,1.994
2026/3/25,00991A,2449,京元電子,1.992
2026/3/25,00991A,6669,緯穎科技,0.013
2026/3/25,00991A,2059,川湖科技,0.012
2026/3/25,00991A,6510,中華精測,0.011
2026/3/25,00991A,2382,廣達電腦,0.009
2026/3/25,00991A,2327,國巨股份,0.008
2026/3/25,00991A,2313,華通電腦,0.007
2026/3/25,00991A,2603,長榮海運,0.006
2026/3/25,00991A,2317,鴻海精密,0.006
2026/3/25,00991A,2454,聯發科技,0.006
2026/3/25,00991A,3231,緯創資通,0.004
2026/3/25,00991A,5347,世界先進,0.004
2026/3/25,00991A,1590,亞德客-KY,0.003
2026/3/25,00991A,2404,漢唐集成,0.003
2026/3/25,00991A,1519,華城電機,0.003
2026/3/25,00991A,8210,勤誠興業,0.003
2026/3/25,00991A,2344,華邦電子,0.003
2026/3/25,00991A,2881,富邦金融,0.003
2026/3/25,00991A,2882,國泰金融,0.002
2026/3/25,00991A,6274,台燿科技,0.002
2026/3/25,00991A,2891,中國信託,0.002
2026/3/25,00991A,2885,元大金融,0.001
2026/3/25,00991A,3044,健鼎科技,0.001
2026/3/25,00991A,1477,聚陽實業,0.001
2026/3/25,00991A,3036,文曄科技,0.001
2026/3/25,00991A,2645,長榮航太,0.001
2026/3/25,00991A,2412,中華電信,0
2026/3/25,00991A,3045,台灣大哥,0
2026/3/25,00991A,1303,南亞塑膠,0
2026/3/26,00991A,2330,台灣積體,17.425
2026/3/26,00991A,2383,台光電子,8.173
2026/3/26,00991A,8299,群聯電子,7.441
2026/3/26,00991A,2408,南亞科技,6.649
2026/3/26,00991A,2308,台達電子,5.781
2026/3/26,00991A,3037,欣興電子,5.572
2026/3/26,00991A,7769,鴻勁精密,4.34
2026/3/26,00991A,3017,奇鋐科技,3.946
2026/3/26,00991A,2345,智邦科技,3.777
2026/3/26,00991A,6223,旺矽科技,3.613
2026/3/26,00991A,5274,信驊科技,3.606
2026/3/26,00991A,2368,金像電子,3.025
2026/3/26,00991A,8046,南亞電路,2.961
2026/3/26,00991A,3189,景碩科技,2.804
2026/3/26,00991A,6442,光紅建聖,2.742
2026/3/26,00991A,2360,致茂電子,2.617
2026/3/26,00991A,6515,穎崴科技,2.543
2026/3/26,00991A,3653,健策精密,2.46
2026/3/26,00991A,3711,日月光投,2.117
2026/3/26,00991A,2337,旺宏電子,2.087
2026/3/26,00991A,3665,貿聯-KY,2.015
2026/3/26,00991A,2449,京元電子,1.998
2026/3/26,00991A,2059,川湖科技,0.013
2026/3/26,00991A,6669,緯穎科技,0.012
2026/3/26,00991A,6510,中華精測,0.011
2026/3/26,00991A,2382,廣達電腦,0.009
2026/3/26,00991A,2327,國巨股份,0.008
2026/3/26,00991A,2313,華通電腦,0.008
2026/3/26,00991A,2603,長榮海運,0.006
2026/3/26,00991A,2317,鴻海精密,0.006
2026/3/26,00991A,2454,聯發科技,0.006
2026/3/26,00991A,3231,緯創資通,0.004
2026/3/26,00991A,5347,世界先進,0.004
2026/3/26,00991A,1590,亞德客-KY,0.003
2026/3/26,00991A,1519,華城電機,0.003
2026/3/26,00991A,2404,漢唐集成,0.003
2026/3/26,00991A,8210,勤誠興業,0.003
2026/3/26,00991A,2344,華邦電子,0.003
2026/3/26,00991A,2881,富邦金融,0.003
2026/3/26,00991A,2882,國泰金融,0.002
2026/3/26,00991A,6274,台燿科技,0.002
2026/3/26,00991A,2891,中國信託,0.002
2026/3/26,00991A,2885,元大金融,0.001
2026/3/26,00991A,3044,健鼎科技,0.001
2026/3/26,00991A,1477,聚陽實業,0.001
2026/3/26,00991A,3036,文曄科技,0.001
2026/3/26,00991A,2645,長榮航太,0.001
2026/3/26,00991A,2412,中華電信,0
2026/3/26,00991A,3045,台灣大哥,0
2026/3/26,00991A,1303,南亞塑膠,0
2026/3/27,00991A,2330,台灣積體,17.505
2026/3/27,00991A,2383,台光電子,8.202
2026/3/27,00991A,8299,群聯電子,7.168
2026/3/27,00991A,2408,南亞科技,6.573
2026/3/27,00991A,2308,台達電子,5.852
2026/3/27,00991A,3037,欣興電子,5.693
2026/3/27,00991A,7769,鴻勁精密,4.34
2026/3/27,00991A,3017,奇鋐科技,3.867
2026/3/27,00991A,2345,智邦科技,3.79
2026/3/27,00991A,6223,旺矽科技,3.68
2026/3/27,00991A,5274,信驊科技,3.664
2026/3/27,00991A,2368,金像電子,3.093
2026/3/27,00991A,8046,南亞電路,2.965
2026/3/27,00991A,3189,景碩科技,2.852
2026/3/27,00991A,6442,光紅建聖,2.832
2026/3/27,00991A,2360,致茂電子,2.617
2026/3/27,00991A,3653,健策精密,2.562
2026/3/27,00991A,6515,穎崴科技,2.51
2026/3/27,00991A,3711,日月光投,2.117
2026/3/27,00991A,3665,貿聯-KY,2.097
2026/3/27,00991A,2337,旺宏電子,2.07
2026/3/27,00991A,2449,京元電子,1.962
2026/3/27,00991A,2059,川湖科技,0.013
2026/3/27,00991A,6510,中華精測,0.011
2026/3/27,00991A,2382,廣達電腦,0.009
2026/3/27,00991A,2313,華通電腦,0.009
2026/3/27,00991A,2327,國巨股份,0.008
2026/3/27,00991A,2317,鴻海精密,0.006
2026/3/27,00991A,2603,長榮海運,0.006
2026/3/27,00991A,2454,聯發科技,0.006
2026/3/27,00991A,3231,緯創資通,0.004
2026/3/27,00991A,5347,世界先進,0.004
2026/3/27,00991A,1590,亞德客-KY,0.003
2026/3/27,00991A,8210,勤誠興業,0.003
2026/3/27,00991A,2404,漢唐集成,0.003
2026/3/27,00991A,1519,華城電機,0.003
2026/3/27,00991A,2344,華邦電子,0.003
2026/3/27,00991A,2881,富邦金融,0.003
2026/3/27,00991A,2882,國泰金融,0.002
2026/3/27,00991A,6274,台燿科技,0.002
2026/3/27,00991A,2891,中國信託,0.002
2026/3/27,00991A,2885,元大金融,0.001
2026/3/27,00991A,3044,健鼎科技,0.001
2026/3/27,00991A,3036,文曄科技,0.001
2026/3/27,00991A,1477,聚陽實業,0.001
2026/3/27,00991A,2645,長榮航太,0.001
2026/3/27,00991A,2412,中華電信,0
2026/3/27,00991A,3045,台灣大哥,0
2026/3/27,00991A,1303,南亞塑膠,0
2026/3/27,00991A,6505,台塑石化,0
2026/3/30,00991A,2330,台灣積體,17.341
2026/3/30,00991A,2383,台光電子,7.951
2026/3/30,00991A,8299,群聯電子,7.446
2026/3/30,00991A,2408,南亞科技,6.688
2026/3/30,00991A,2308,台達電子,5.829
2026/3/30,00991A,3037,欣興電子,5.635
2026/3/30,00991A,7769,鴻勁精密,4.303
2026/3/30,00991A,3017,奇鋐科技,3.809
2026/3/30,00991A,6223,旺矽科技,3.799
2026/3/30,00991A,2345,智邦科技,3.792
2026/3/30,00991A,5274,信驊科技,3.604
2026/3/30,00991A,8046,南亞電路,3.105
2026/3/30,00991A,2368,金像電子,3.044
2026/3/30,00991A,6442,光紅建聖,2.861
2026/3/30,00991A,3189,景碩科技,2.844
2026/3/30,00991A,2360,致茂電子,2.667
2026/3/30,00991A,3653,健策精密,2.499
2026/3/30,00991A,6515,穎崴科技,2.465
2026/3/30,00991A,3665,貿聯-KY,2.147
2026/3/30,00991A,2337,旺宏電子,2.147
2026/3/30,00991A,3711,日月光投,2.145
2026/3/30,00991A,2449,京元電子,1.941
2026/3/30,00991A,2059,川湖科技,0.012
2026/3/30,00991A,6510,中華精測,0.012
2026/3/30,00991A,2382,廣達電腦,0.009
2026/3/30,00991A,2313,華通電腦,0.008
2026/3/30,00991A,2327,國巨股份,0.008
2026/3/30,00991A,2603,長榮海運,0.007
2026/3/30,00991A,2317,鴻海精密,0.006
2026/3/30,00991A,2454,聯發科技,0.005
2026/3/30,00991A,3231,緯創資通,0.004
2026/3/30,00991A,5347,世界先進,0.004
2026/3/30,00991A,1590,亞德客-KY,0.004
2026/3/30,00991A,8210,勤誠興業,0.003
2026/3/30,00991A,1519,華城電機,0.003
2026/3/30,00991A,2344,華邦電子,0.003
2026/3/30,00991A,2404,漢唐集成,0.003
2026/3/30,00991A,2881,富邦金融,0.003
2026/3/30,00991A,2882,國泰金融,0.002
2026/3/30,00991A,6274,台燿科技,0.002
2026/3/30,00991A,2891,中國信託,0.002
2026/3/30,00991A,2885,元大金融,0.001
2026/3/30,00991A,3044,健鼎科技,0.001
2026/3/30,00991A,3036,文曄科技,0.001
2026/3/30,00991A,1477,聚陽實業,0.001
2026/3/30,00991A,2645,長榮航太,0.001
2026/3/30,00991A,2412,中華電信,0
2026/3/30,00991A,3045,台灣大哥,0
2026/3/30,00991A,1303,南亞塑膠,0
2026/3/30,00991A,6505,台塑石化,0
2026/3/31,00991A,2330,台灣積體,18.232
2026/3/31,00991A,2383,台光電子,7.893
2026/3/31,00991A,8299,群聯電子,7.399
2026/3/31,00991A,2408,南亞科技,6.402
2026/3/31,00991A,2308,台達電子,5.76
2026/3/31,00991A,3037,欣興電子,5.397
2026/3/31,00991A,7769,鴻勁精密,4.322
2026/3/31,00991A,6223,旺矽科技,3.888
2026/3/31,00991A,3017,奇鋐科技,3.776
2026/3/31,00991A,2345,智邦科技,3.724
2026/3/31,00991A,5274,信驊科技,3.654
2026/3/31,00991A,2368,金像電子,3.1
2026/3/31,00991A,8046,南亞電路,2.971
2026/3/31,00991A,6442,光紅建聖,2.74
2026/3/31,00991A,3189,景碩科技,2.732
2026/3/31,00991A,3653,健策精密,2.592
2026/3/31,00991A,2360,致茂電子,2.557
2026/3/31,00991A,6515,穎崴科技,2.442
2026/3/31,00991A,3711,日月光投,2.119
2026/3/31,00991A,3665,貿聯-KY,2.113
2026/3/31,00991A,2449,京元電子,1.981
2026/3/31,00991A,2337,旺宏電子,1.534
2026/3/31,00991A,2059,川湖科技,0.012
2026/3/31,00991A,6510,中華精測,0.012
2026/3/31,00991A,2382,廣達電腦,0.01
2026/3/31,00991A,2313,華通電腦,0.008
2026/3/31,00991A,2327,國巨股份,0.008
2026/3/31,00991A,2603,長榮海運,0.007
2026/3/31,00991A,2317,鴻海精密,0.006
2026/3/31,00991A,2454,聯發科技,0.006
2026/3/31,00991A,3231,緯創資通,0.004
2026/3/31,00991A,5347,世界先進,0.004
2026/3/31,00991A,1590,亞德客-KY,0.004
2026/3/31,00991A,8210,勤誠興業,0.003
2026/3/31,00991A,2404,漢唐集成,0.003
2026/3/31,00991A,2344,華邦電子,0.003
2026/3/31,00991A,1519,華城電機,0.003
2026/3/31,00991A,2881,富邦金融,0.003
2026/3/31,00991A,2882,國泰金融,0.002
2026/3/31,00991A,6274,台燿科技,0.002
2026/3/31,00991A,2891,中國信託,0.002
2026/3/31,00991A,2885,元大金融,0.002
2026/3/31,00991A,3044,健鼎科技,0.001
2026/3/31,00991A,2890,永豐金融,0.001
2026/3/31,00991A,3036,文曄科技,0.001
2026/3/31,00991A,2645,長榮航太,0.001
2026/3/31,00991A,2412,中華電信,0.001
2026/3/31,00991A,3045,台灣大哥,0
2026/3/31,00991A,1303,南亞塑膠,0
2026/3/31,00991A,6505,台塑石化,0
2026/4/1,00991A,2330,台灣積體,17.899
2026/4/1,00991A,2383,台光電子,8.087
2026/4/1,00991A,8299,群聯電子,7.756
2026/4/1,00991A,2408,南亞科技,6.339
2026/4/1,00991A,2308,台達電子,5.995
2026/4/1,00991A,3037,欣興電子,5.525
2026/4/1,00991A,7769,鴻勁精密,4.428
2026/4/1,00991A,6223,旺矽科技,3.979
2026/4/1,00991A,3017,奇鋐科技,3.952
2026/4/1,00991A,2345,智邦科技,3.814
2026/4/1,00991A,5274,信驊科技,3.599
2026/4/1,00991A,2368,金像電子,3.176
2026/4/1,00991A,8046,南亞電路,3.043
2026/4/1,00991A,6442,光紅建聖,2.726
2026/4/1,00991A,3189,景碩科技,2.699
2026/4/1,00991A,2360,致茂電子,2.618
2026/4/1,00991A,3653,健策精密,2.513
2026/4/1,00991A,3665,貿聯-KY,2.498
2026/4/1,00991A,6515,穎崴科技,2.319
2026/4/1,00991A,3711,日月光投,2.169
2026/4/1,00991A,2449,京元電子,1.983
2026/4/1,00991A,2337,旺宏電子,1.571
2026/4/1,00991A,2059,川湖科技,0.012
2026/4/1,00991A,6510,中華精測,0.012
2026/4/1,00991A,2382,廣達電腦,0.009
2026/4/1,00991A,2313,華通電腦,0.008
2026/4/1,00991A,2327,國巨股份,0.008
2026/4/1,00991A,2603,長榮海運,0.007
2026/4/1,00991A,2317,鴻海精密,0.006
2026/4/1,00991A,2454,聯發科技,0.005
2026/4/1,00991A,3231,緯創資通,0.004
2026/4/1,00991A,5347,世界先進,0.004
2026/4/1,00991A,1590,亞德客-KY,0.004
2026/4/1,00991A,8210,勤誠興業,0.003
2026/4/1,00991A,2404,漢唐集成,0.003
2026/4/1,00991A,2344,華邦電子,0.003
2026/4/1,00991A,1519,華城電機,0.003
2026/4/1,00991A,2881,富邦金融,0.003
2026/4/1,00991A,2882,國泰金融,0.002
2026/4/1,00991A,6274,台燿科技,0.002
2026/4/1,00991A,2891,中國信託,0.002
2026/4/1,00991A,2885,元大金融,0.001
2026/4/1,00991A,3044,健鼎科技,0.001
2026/4/1,00991A,2890,永豐金融,0.001
2026/4/1,00991A,3036,文曄科技,0.001
2026/4/1,00991A,2645,長榮航太,0.001
2026/4/1,00991A,2412,中華電信,0
2026/4/1,00991A,3045,台灣大哥,0
2026/4/1,00991A,1303,南亞塑膠,0
2026/4/1,00991A,6505,台塑石化,0
2026/4/2,00991A,2330,台灣積體,17.967
2026/4/2,00991A,2383,台光電子,8.101
2026/4/2,00991A,8299,群聯電子,7.52
2026/4/2,00991A,2408,南亞科技,6.197
2026/4/2,00991A,3037,欣興電子,6.039
2026/4/2,00991A,2308,台達電子,5.98
2026/4/2,00991A,7769,鴻勁精密,4.532
2026/4/2,00991A,3017,奇鋐科技,3.989
2026/4/2,00991A,6223,旺矽科技,3.902
2026/4/2,00991A,5274,信驊科技,3.826
2026/4/2,00991A,2345,智邦科技,3.758
2026/4/2,00991A,2368,金像電子,3.126
2026/4/2,00991A,8046,南亞電路,3.098
2026/4/2,00991A,3189,景碩科技,2.81
2026/4/2,00991A,6442,光紅建聖,2.763
2026/4/2,00991A,3665,貿聯-KY,2.576
2026/4/2,00991A,2360,致茂電子,2.567
2026/4/2,00991A,3653,健策精密,2.428
2026/4/2,00991A,3711,日月光投,2.231
2026/4/2,00991A,2337,旺宏電子,1.642
2026/4/2,00991A,3036,文曄科技,1.629
2026/4/2,00991A,6515,穎崴科技,0.721
2026/4/2,00991A,2059,川湖科技,0.012
2026/4/2,00991A,6510,中華精測,0.012
2026/4/2,00991A,2382,廣達電腦,0.009
2026/4/2,00991A,2313,華通電腦,0.009
2026/4/2,00991A,2449,京元電子,0.008
2026/4/2,00991A,2327,國巨股份,0.008
2026/4/2,00991A,2603,長榮海運,0.007
2026/4/2,00991A,2317,鴻海精密,0.006
2026/4/2,00991A,2454,聯發科技,0.005
2026/4/2,00991A,3231,緯創資通,0.004
2026/4/2,00991A,1590,亞德客-KY,0.004
2026/4/2,00991A,5347,世界先進,0.004
2026/4/2,00991A,8210,勤誠興業,0.003
2026/4/2,00991A,2404,漢唐集成,0.003
2026/4/2,00991A,2344,華邦電子,0.003
2026/4/2,00991A,1519,華城電機,0.003
2026/4/2,00991A,2881,富邦金融,0.003
2026/4/2,00991A,2882,國泰金融,0.002
2026/4/2,00991A,6274,台燿科技,0.002
2026/4/2,00991A,2891,中國信託,0.002
2026/4/2,00991A,2885,元大金融,0.002
2026/4/2,00991A,3044,健鼎科技,0.001
2026/4/2,00991A,2890,永豐金融,0.001
2026/4/2,00991A,2645,長榮航太,0.001
2026/4/2,00991A,2412,中華電信,0
2026/4/2,00991A,3045,台灣大哥,0
2026/4/2,00991A,1303,南亞塑膠,0
2026/4/2,00991A,6505,台塑石化,0
2026/4/7,00991A,2330,台灣積體,19.758
2026/4/7,00991A,2383,台光電子,8.172
2026/4/7,00991A,8299,群聯電子,7.394
2026/4/7,00991A,3037,欣興電子,6.391
2026/4/7,00991A,2408,南亞科技,6.2
2026/4/7,00991A,2308,台達電子,6.169
2026/4/7,00991A,7769,鴻勁精密,4.615
2026/4/7,00991A,6223,旺矽科技,3.956
2026/4/7,00991A,3017,奇鋐科技,3.81
2026/4/7,00991A,2345,智邦科技,3.717
2026/4/7,00991A,5274,信驊科技,3.655
2026/4/7,00991A,8046,南亞電路,3.314
2026/4/7,00991A,2368,金像電子,3.118
2026/4/7,00991A,3189,景碩科技,2.92
2026/4/7,00991A,6442,光紅建聖,2.819
2026/4/7,00991A,3665,貿聯-KY,2.607
2026/4/7,00991A,2360,致茂電子,2.557
2026/4/7,00991A,3036,文曄科技,2.417
2026/4/7,00991A,3653,健策精密,2.396
2026/4/7,00991A,2337,旺宏電子,1.015
2026/4/7,00991A,3711,日月光投,0.935
2026/4/7,00991A,6515,穎崴科技,0.025
2026/4/7,00991A,6510,中華精測,0.012
2026/4/7,00991A,2059,川湖科技,0.011
2026/4/7,00991A,2382,廣達電腦,0.009
2026/4/7,00991A,2313,華通電腦,0.009
2026/4/7,00991A,2449,京元電子,0.009
2026/4/7,00991A,2327,國巨股份,0.008
2026/4/7,00991A,2603,長榮海運,0.006
2026/4/7,00991A,2317,鴻海精密,0.006
2026/4/7,00991A,2454,聯發科技,0.005
2026/4/7,00991A,3231,緯創資通,0.004
2026/4/7,00991A,5347,世界先進,0.004
2026/4/7,00991A,1590,亞德客-KY,0.004
2026/4/7,00991A,2404,漢唐集成,0.003
2026/4/7,00991A,8210,勤誠興業,0.003
2026/4/7,00991A,2344,華邦電子,0.003
2026/4/7,00991A,1519,華城電機,0.003
2026/4/7,00991A,2881,富邦金融,0.003
2026/4/7,00991A,6274,台燿科技,0.002
2026/4/7,00991A,2882,國泰金融,0.002
2026/4/7,00991A,2891,中國信託,0.002
2026/4/7,00991A,2885,元大金融,0.001
2026/4/7,00991A,3044,健鼎科技,0.001
2026/4/7,00991A,2890,永豐金融,0.001
2026/4/7,00991A,2645,長榮航太,0.001
2026/4/7,00991A,2412,中華電信,0
2026/4/7,00991A,3045,台灣大哥,0
2026/4/7,00991A,1303,南亞塑膠,0
2026/4/7,00991A,6505,台塑石化,0
2026/4/8,00991A,2330,台灣積體,19.461
2026/4/8,00991A,2383,台光電子,8.437
2026/4/8,00991A,8299,群聯電子,7.919
2026/4/8,00991A,3037,欣興電子,6.6
2026/4/8,00991A,2308,台達電子,6.37
2026/4/8,00991A,2408,南亞科技,6.306
2026/4/8,00991A,7769,鴻勁精密,4.606
2026/4/8,00991A,6223,旺矽科技,4.086
2026/4/8,00991A,3017,奇鋐科技,4.08
2026/4/8,00991A,2345,智邦科技,3.982
2026/4/8,00991A,5274,信驊科技,3.777
2026/4/8,00991A,2368,金像電子,3.32
2026/4/8,00991A,8046,南亞電路,3.179
2026/4/8,00991A,3189,景碩科技,3.015
2026/4/8,00991A,6442,光紅建聖,2.737
2026/4/8,00991A,2360,致茂電子,2.64
2026/4/8,00991A,3653,健策精密,2.535
2026/4/8,00991A,3665,貿聯-KY,2.48
2026/4/8,00991A,3036,文曄科技,2.33
2026/4/8,00991A,2337,旺宏電子,1.048
2026/4/8,00991A,6515,穎崴科技,0.026
2026/4/8,00991A,6510,中華精測,0.011
2026/4/8,00991A,3711,日月光投,0.011
2026/4/8,00991A,2059,川湖科技,0.011
2026/4/8,00991A,2382,廣達電腦,0.009
2026/4/8,00991A,2449,京元電子,0.008
2026/4/8,00991A,2313,華通電腦,0.008
2026/4/8,00991A,2327,國巨股份,0.008
2026/4/8,00991A,2603,長榮海運,0.006
2026/4/8,00991A,2317,鴻海精密,0.006
2026/4/8,00991A,2454,聯發科技,0.005
2026/4/8,00991A,3231,緯創資通,0.004
2026/4/8,00991A,5347,世界先進,0.004
2026/4/8,00991A,1590,亞德客-KY,0.004
2026/4/8,00991A,2404,漢唐集成,0.003
2026/4/8,00991A,8210,勤誠興業,0.003
2026/4/8,00991A,2344,華邦電子,0.003
2026/4/8,00991A,1519,華城電機,0.003
2026/4/8,00991A,2881,富邦金融,0.003
2026/4/8,00991A,6274,台燿科技,0.002
2026/4/8,00991A,2882,國泰金融,0.002
2026/4/8,00991A,2891,中國信託,0.002
2026/4/8,00991A,2885,元大金融,0.001
2026/4/8,00991A,3044,健鼎科技,0.001
2026/4/8,00991A,2890,永豐金融,0.001
2026/4/8,00991A,2412,中華電信,0
2026/4/8,00991A,2645,長榮航太,0
2026/4/8,00991A,3045,台灣大哥,0
2026/4/8,00991A,1303,南亞塑膠,0
2026/4/8,00991A,6505,台塑石化,0
2026/4/9,00991A,2330,台灣積體,19.724
2026/4/9,00991A,2383,台光電子,8.663
2026/4/9,00991A,8299,群聯電子,7.495
2026/4/9,00991A,3037,欣興電子,6.726
2026/4/9,00991A,2308,台達電子,6.362
2026/4/9,00991A,2408,南亞科技,5.86
2026/4/9,00991A,7769,鴻勁精密,4.64
2026/4/9,00991A,6223,旺矽科技,4.284
2026/4/9,00991A,3017,奇鋐科技,4.134
2026/4/9,00991A,2345,智邦科技,3.978
2026/4/9,00991A,5274,信驊科技,3.803
2026/4/9,00991A,2368,金像電子,3.682
2026/4/9,00991A,8046,南亞電路,3.375
2026/4/9,00991A,3189,景碩科技,2.993
2026/4/9,00991A,2360,致茂電子,2.846
2026/4/9,00991A,3653,健策精密,2.709
2026/4/9,00991A,6442,光紅建聖,2.703
2026/4/9,00991A,3665,貿聯-KY,2.65
2026/4/9,00991A,3036,文曄科技,2.26
2026/4/9,00991A,6515,穎崴科技,0.027
2026/4/9,00991A,3711,日月光投,0.012
2026/4/9,00991A,6510,中華精測,0.011
2026/4/9,00991A,2059,川湖科技,0.011
2026/4/9,00991A,2382,廣達電腦,0.009
2026/4/9,00991A,2313,華通電腦,0.009
2026/4/9,00991A,2327,國巨股份,0.009
2026/4/9,00991A,2449,京元電子,0.008
2026/4/9,00991A,2603,長榮海運,0.006
2026/4/9,00991A,2317,鴻海精密,0.006
2026/4/9,00991A,2454,聯發科技,0.005
2026/4/9,00991A,2337,旺宏電子,0.004
2026/4/9,00991A,3231,緯創資通,0.004
2026/4/9,00991A,5347,世界先進,0.004
2026/4/9,00991A,1590,亞德客-KY,0.004
2026/4/9,00991A,2404,漢唐集成,0.003
2026/4/9,00991A,8210,勤誠興業,0.003
2026/4/9,00991A,2344,華邦電子,0.003
2026/4/9,00991A,1519,華城電機,0.003
2026/4/9,00991A,2881,富邦金融,0.003
2026/4/9,00991A,6274,台燿科技,0.003
2026/4/9,00991A,2882,國泰金融,0.002
2026/4/9,00991A,2891,中國信託,0.002
2026/4/9,00991A,2885,元大金融,0.001
2026/4/9,00991A,3044,健鼎科技,0.001
2026/4/9,00991A,2890,永豐金融,0.001
2026/4/9,00991A,2645,長榮航太,0.001
2026/4/9,00991A,2412,中華電信,0
2026/4/9,00991A,3045,台灣大哥,0
2026/4/9,00991A,1303,南亞塑膠,0
2026/4/9,00991A,6505,台塑石化,0
2026/4/10,00991A,2330,台灣積體,19.8
2026/4/10,00991A,2383,台光電子,9.029
2026/4/10,00991A,8299,群聯電子,7.56
2026/4/10,00991A,3037,欣興電子,6.737
2026/4/10,00991A,2308,台達電子,6.584
2026/4/10,00991A,2408,南亞科技,6.031
2026/4/10,00991A,7769,鴻勁精密,4.505
2026/4/10,00991A,6223,旺矽科技,4.345
2026/4/10,00991A,2345,智邦科技,4.239
2026/4/10,00991A,3017,奇鋐科技,4.111
2026/4/10,00991A,5274,信驊科技,3.736
2026/4/10,00991A,2368,金像電子,3.597
2026/4/10,00991A,8046,南亞電路,3.302
2026/4/10,00991A,6442,光紅建聖,2.916
2026/4/10,00991A,3189,景碩科技,2.892
2026/4/10,00991A,2360,致茂電子,2.71
2026/4/10,00991A,3665,貿聯-KY,2.686
2026/4/10,00991A,3653,健策精密,2.586
2026/4/10,00991A,3036,文曄科技,1.488
2026/4/10,00991A,6515,穎崴科技,0.026
2026/4/10,00991A,3711,日月光投,0.012
2026/4/10,00991A,6510,中華精測,0.012
2026/4/10,00991A,2059,川湖科技,0.011
2026/4/10,00991A,2382,廣達電腦,0.01
2026/4/10,00991A,2313,華通電腦,0.008
2026/4/10,00991A,2327,國巨股份,0.008
2026/4/10,00991A,2449,京元電子,0.008
2026/4/10,00991A,2603,長榮海運,0.006
2026/4/10,00991A,2317,鴻海精密,0.006
2026/4/10,00991A,2454,聯發科技,0.005
2026/4/10,00991A,2337,旺宏電子,0.004
2026/4/10,00991A,3231,緯創資通,0.004
2026/4/10,00991A,5347,世界先進,0.004
2026/4/10,00991A,1590,亞德客-KY,0.004
2026/4/10,00991A,2404,漢唐集成,0.003
2026/4/10,00991A,8210,勤誠興業,0.003
2026/4/10,00991A,2344,華邦電子,0.003
2026/4/10,00991A,1519,華城電機,0.003
2026/4/10,00991A,2881,富邦金融,0.003
2026/4/10,00991A,6274,台燿科技,0.003
2026/4/10,00991A,2882,國泰金融,0.002
2026/4/10,00991A,2891,中國信託,0.002
2026/4/10,00991A,2885,元大金融,0.001
2026/4/10,00991A,3044,健鼎科技,0.001
2026/4/10,00991A,2890,永豐金融,0.001
2026/4/10,00991A,2412,中華電信,0
2026/4/10,00991A,2645,長榮航太,0
2026/4/10,00991A,3045,台灣大哥,0
2026/4/10,00991A,1303,南亞塑膠,0
2026/4/10,00991A,6505,台塑石化,0
2026/3/3,00980A,2330,台灣積體電路製造,9.4
2026/3/3,00980A,2308,台達電子工業,4.42
2026/3/3,00980A,2317,鴻海精密工業,3.96
2026/3/3,00980A,2454,聯發科技,3.27
2026/3/3,00980A,3017,奇鋐科技,3.01
2026/3/3,00980A,7769,鴻勁精密,2.97
2026/3/3,00980A,6669,緯穎科技服務,2.66
2026/3/3,00980A,3665,貿聯控股（BizLink Holding In,2.51
2026/3/3,00980A,2345,智邦科技,2.46
2026/3/3,00980A,2382,廣達電腦,2.46
2026/3/3,00980A,2891,中國信託金融控股,2.43
2026/3/3,00980A,2368,金像電子（股）公司,2.41
2026/3/3,00980A,2383,台光電子材料,2.38
2026/3/3,00980A,2344,華邦電子,2.24
2026/3/3,00980A,2059,川湖科技,2.24
2026/3/3,00980A,8210,勤誠興業,2.02
2026/3/3,00980A,2360,致茂電子,1.96
2026/3/3,00980A,6223,旺矽科技,1.69
2026/3/3,00980A,3653,健策精密工業,1.67
2026/3/3,00980A,2408,南亞科技,1.63
2026/3/3,00980A,6805,富世達,1.63
2026/3/3,00980A,2884,玉山金融控股,1.62
2026/3/3,00980A,3231,緯創資通,1.61
2026/3/3,00980A,3036,文曄科技,1.6
2026/3/3,00980A,2881,富邦金融控股,1.6
2026/3/3,00980A,6274,台燿科技,1.52
2026/3/3,00980A,2449,京元電子,1.47
2026/3/3,00980A,6515,穎崴科技,1.46
2026/3/3,00980A,6442,光紅建聖,1.38
2026/3/3,00980A,3044,健鼎科技,1.34
2026/3/3,00980A,8299,群聯電子,1.32
2026/3/3,00980A,3264,欣銓科技,1.15
2026/3/3,00980A,8996,高力熱處理工業,1.14
2026/3/3,00980A,5234,達興材料,1.11
2026/3/3,00980A,3443,創意電子,1.04
2026/3/3,00980A,1519,華城電機,1.03
2026/3/3,00980A,1477,聚陽實業,0.97
2026/3/3,00980A,3293,鈊象電子,0.97
2026/3/3,00980A,2379,瑞昱半導體,0.94
2026/3/3,00980A,1590,亞德客國際集團,0.9
2026/3/3,00980A,5434,崇越科技,0.81
2026/3/3,00980A,3526,凡甲科技,0.78
2026/3/3,00980A,4915,致伸科技,0.76
2026/3/3,00980A,6510,中華精測科技,0.75
2026/3/3,00980A,5904,寶雅國際,0.75
2026/3/3,00980A,6584,南俊國際,0.71
2026/3/3,00980A,2376,技嘉科技,0.64
2026/3/3,00980A,2027,大成不銹鋼工業,0.56
2026/3/3,00980A,2327,國巨,0.46
2026/3/3,00980A,4749,新應材,0.44
2026/3/4,00980A,2330,台灣積體電路製造,9.5
2026/3/4,00980A,2308,台達電子工業,4.34
2026/3/4,00980A,2317,鴻海精密工業,3.93
2026/3/4,00980A,2454,聯發科技,3.24
2026/3/4,00980A,3017,奇鋐科技,3.07
2026/3/4,00980A,7769,鴻勁精密,2.99
2026/3/4,00980A,6669,緯穎科技服務,2.63
2026/3/4,00980A,3665,貿聯控股（BizLink Holding In,2.58
2026/3/4,00980A,2382,廣達電腦,2.46
2026/3/4,00980A,2891,中國信託金融控股,2.4
2026/3/4,00980A,2345,智邦科技,2.37
2026/3/4,00980A,2383,台光電子材料,2.35
2026/3/4,00980A,2368,金像電子（股）公司,2.34
2026/3/4,00980A,2059,川湖科技,2.27
2026/3/4,00980A,2344,華邦電子,2.17
2026/3/4,00980A,8210,勤誠興業,2.04
2026/3/4,00980A,2360,致茂電子,1.98
2026/3/4,00980A,3036,文曄科技,1.84
2026/3/4,00980A,3653,健策精密工業,1.66
2026/3/4,00980A,6223,旺矽科技,1.65
2026/3/4,00980A,2884,玉山金融控股,1.64
2026/3/4,00980A,2881,富邦金融控股,1.61
2026/3/4,00980A,3231,緯創資通,1.6
2026/3/4,00980A,6805,富世達,1.59
2026/3/4,00980A,2408,南亞科技,1.56
2026/3/4,00980A,6515,穎崴科技,1.46
2026/3/4,00980A,6274,台燿科技,1.45
2026/3/4,00980A,2449,京元電子,1.4
2026/3/4,00980A,8299,群聯電子,1.34
2026/3/4,00980A,6442,光紅建聖,1.3
2026/3/4,00980A,3044,健鼎科技,1.3
2026/3/4,00980A,3264,欣銓科技,1.18
2026/3/4,00980A,5234,達興材料,1.15
2026/3/4,00980A,8996,高力熱處理工業,1.08
2026/3/4,00980A,3443,創意電子,1
2026/3/4,00980A,1519,華城電機,1
2026/3/4,00980A,1477,聚陽實業,0.99
2026/3/4,00980A,3293,鈊象電子,0.97
2026/3/4,00980A,2379,瑞昱半導體,0.95
2026/3/4,00980A,1590,亞德客國際集團,0.88
2026/3/4,00980A,3526,凡甲科技,0.8
2026/3/4,00980A,5434,崇越科技,0.79
2026/3/4,00980A,5904,寶雅國際,0.78
2026/3/4,00980A,4915,致伸科技,0.77
2026/3/4,00980A,6510,中華精測科技,0.74
2026/3/4,00980A,6584,南俊國際,0.67
2026/3/4,00980A,2376,技嘉科技,0.62
2026/3/4,00980A,2027,大成不銹鋼工業,0.58
2026/3/4,00980A,2327,國巨,0.45
2026/3/4,00980A,4749,新應材,0.44
2026/3/5,00980A,2330,台灣積體電路製造,9.3
2026/3/5,00980A,2308,台達電子工業,4.44
2026/3/5,00980A,2317,鴻海精密工業,3.9
2026/3/5,00980A,2454,聯發科技,3.22
2026/3/5,00980A,3017,奇鋐科技,3.07
2026/3/5,00980A,7769,鴻勁精密,3.06
2026/3/5,00980A,6669,緯穎科技服務,2.73
2026/3/5,00980A,3665,貿聯控股（BizLink Holding In,2.65
2026/3/5,00980A,2345,智邦科技,2.48
2026/3/5,00980A,2383,台光電子材料,2.44
2026/3/5,00980A,2382,廣達電腦,2.43
2026/3/5,00980A,2891,中國信託金融控股,2.35
2026/3/5,00980A,2368,金像電子（股）公司,2.33
2026/3/5,00980A,2059,川湖科技,2.28
2026/3/5,00980A,2344,華邦電子,2.24
2026/3/5,00980A,8210,勤誠興業,2.08
2026/3/5,00980A,2360,致茂電子,1.99
2026/3/5,00980A,3036,文曄科技,1.91
2026/3/5,00980A,3653,健策精密工業,1.74
2026/3/5,00980A,6223,旺矽科技,1.7
2026/3/5,00980A,2408,南亞科技,1.65
2026/3/5,00980A,6805,富世達,1.6
2026/3/5,00980A,3231,緯創資通,1.59
2026/3/5,00980A,2884,玉山金融控股,1.59
2026/3/5,00980A,2881,富邦金融控股,1.56
2026/3/5,00980A,6515,穎崴科技,1.48
2026/3/5,00980A,6274,台燿科技,1.44
2026/3/5,00980A,2449,京元電子,1.43
2026/3/5,00980A,8299,群聯電子,1.36
2026/3/5,00980A,3044,健鼎科技,1.31
2026/3/5,00980A,6442,光紅建聖,1.18
2026/3/5,00980A,5234,達興材料,1.16
2026/3/5,00980A,3264,欣銓科技,1.15
2026/3/5,00980A,8996,高力熱處理工業,1.08
2026/3/5,00980A,1519,華城電機,1.01
2026/3/5,00980A,3443,創意電子,0.99
2026/3/5,00980A,1477,聚陽實業,0.96
2026/3/5,00980A,3293,鈊象電子,0.94
2026/3/5,00980A,2379,瑞昱半導體,0.93
2026/3/5,00980A,1590,亞德客國際集團,0.83
2026/3/5,00980A,5434,崇越科技,0.81
2026/3/5,00980A,3526,凡甲科技,0.79
2026/3/5,00980A,5904,寶雅國際,0.76
2026/3/5,00980A,6510,中華精測科技,0.76
2026/3/5,00980A,4915,致伸科技,0.74
2026/3/5,00980A,6584,南俊國際,0.7
2026/3/5,00980A,2376,技嘉科技,0.61
2026/3/5,00980A,2027,大成不銹鋼工業,0.56
2026/3/5,00980A,4749,新應材,0.46
2026/3/5,00980A,2327,國巨,0.44
2026/3/6,00980A,2330,台灣積體電路製造,9.22
2026/3/6,00980A,2308,台達電子工業,4.38
2026/3/6,00980A,2317,鴻海精密工業,3.87
2026/3/6,00980A,2454,聯發科技,3.19
2026/3/6,00980A,3017,奇鋐科技,3.1
2026/3/6,00980A,7769,鴻勁精密,3.03
2026/3/6,00980A,6669,緯穎科技服務,2.72
2026/3/6,00980A,3665,貿聯控股（BizLink Holding In,2.72
2026/3/6,00980A,2345,智邦科技,2.55
2026/3/6,00980A,2368,金像電子（股）公司,2.51
2026/3/6,00980A,2383,台光電子材料,2.43
2026/3/6,00980A,2382,廣達電腦,2.42
2026/3/6,00980A,2891,中國信託金融控股,2.34
2026/3/6,00980A,2059,川湖科技,2.2
2026/3/6,00980A,2344,華邦電子,2.13
2026/3/6,00980A,8210,勤誠興業,2.09
2026/3/6,00980A,3036,文曄科技,1.95
2026/3/6,00980A,2360,致茂電子,1.94
2026/3/6,00980A,3653,健策精密工業,1.89
2026/3/6,00980A,6223,旺矽科技,1.76
2026/3/6,00980A,6805,富世達,1.71
2026/3/6,00980A,6515,穎崴科技,1.63
2026/3/6,00980A,3231,緯創資通,1.61
2026/3/6,00980A,2884,玉山金融控股,1.58
2026/3/6,00980A,2881,富邦金融控股,1.53
2026/3/6,00980A,2408,南亞科技,1.49
2026/3/6,00980A,6274,台燿科技,1.43
2026/3/6,00980A,2449,京元電子,1.38
2026/3/6,00980A,3044,健鼎科技,1.34
2026/3/6,00980A,8299,群聯電子,1.33
2026/3/6,00980A,3264,欣銓科技,1.16
2026/3/6,00980A,5234,達興材料,1.13
2026/3/6,00980A,6442,光紅建聖,1.13
2026/3/6,00980A,8996,高力熱處理工業,1.07
2026/3/6,00980A,3443,創意電子,1
2026/3/6,00980A,3293,鈊象電子,0.99
2026/3/6,00980A,1519,華城電機,0.98
2026/3/6,00980A,1477,聚陽實業,0.95
2026/3/6,00980A,2379,瑞昱半導體,0.95
2026/3/6,00980A,5434,崇越科技,0.81
2026/3/6,00980A,1590,亞德客國際集團,0.79
2026/3/6,00980A,6510,中華精測科技,0.77
2026/3/6,00980A,5904,寶雅國際,0.76
2026/3/6,00980A,4915,致伸科技,0.76
2026/3/6,00980A,3526,凡甲科技,0.76
2026/3/6,00980A,6584,南俊國際,0.66
2026/3/6,00980A,2376,技嘉科技,0.61
2026/3/6,00980A,2027,大成不銹鋼工業,0.58
2026/3/6,00980A,4749,新應材,0.48
2026/3/6,00980A,2327,國巨,0.44
2026/3/9,00980A,2330,台灣積體電路製造,9.33
2026/3/9,00980A,2308,台達電子工業,4.27
2026/3/9,00980A,2317,鴻海精密工業,3.86
2026/3/9,00980A,2454,聯發科技,3.18
2026/3/9,00980A,7769,鴻勁精密,2.99
2026/3/9,00980A,3017,奇鋐科技,2.96
2026/3/9,00980A,6669,緯穎科技服務,2.68
2026/3/9,00980A,3665,貿聯控股（BizLink Holding In,2.59
2026/3/9,00980A,2345,智邦科技,2.54
2026/3/9,00980A,2368,金像電子（股）公司,2.54
2026/3/9,00980A,2382,廣達電腦,2.5
2026/3/9,00980A,2891,中國信託金融控股,2.46
2026/3/9,00980A,2383,台光電子材料,2.37
2026/3/9,00980A,2059,川湖科技,2.18
2026/3/9,00980A,2344,華邦電子,2.13
2026/3/9,00980A,3036,文曄科技,2.06
2026/3/9,00980A,8210,勤誠興業,2.05
2026/3/9,00980A,3653,健策精密工業,1.86
2026/3/9,00980A,2360,致茂電子,1.85
2026/3/9,00980A,6223,旺矽科技,1.71
2026/3/9,00980A,3231,緯創資通,1.66
2026/3/9,00980A,2884,玉山金融控股,1.64
2026/3/9,00980A,6805,富世達,1.63
2026/3/9,00980A,6515,穎崴科技,1.63
2026/3/9,00980A,2881,富邦金融控股,1.59
2026/3/9,00980A,2408,南亞科技,1.42
2026/3/9,00980A,2449,京元電子,1.39
2026/3/9,00980A,6274,台燿科技,1.36
2026/3/9,00980A,3044,健鼎科技,1.34
2026/3/9,00980A,8299,群聯電子,1.28
2026/3/9,00980A,3264,欣銓科技,1.14
2026/3/9,00980A,5234,達興材料,1.07
2026/3/9,00980A,6442,光紅建聖,1.07
2026/3/9,00980A,2379,瑞昱半導體,1.04
2026/3/9,00980A,3293,鈊象電子,1.03
2026/3/9,00980A,8996,高力熱處理工業,1.02
2026/3/9,00980A,3443,創意電子,0.97
2026/3/9,00980A,1519,華城電機,0.97
2026/3/9,00980A,1477,聚陽實業,0.95
2026/3/9,00980A,5434,崇越科技,0.81
2026/3/9,00980A,5904,寶雅國際,0.79
2026/3/9,00980A,3526,凡甲科技,0.78
2026/3/9,00980A,1590,亞德客國際集團,0.78
2026/3/9,00980A,4915,致伸科技,0.76
2026/3/9,00980A,6510,中華精測科技,0.74
2026/3/9,00980A,2376,技嘉科技,0.64
2026/3/9,00980A,6584,南俊國際,0.63
2026/3/9,00980A,2027,大成不銹鋼工業,0.6
2026/3/9,00980A,4749,新應材,0.46
2026/3/9,00980A,2327,國巨,0.44
2026/3/10,00980A,2330,台灣積體電路製造,9.24
2026/3/10,00980A,2308,台達電子工業,4.38
2026/3/10,00980A,2317,鴻海精密工業,3.72
2026/3/10,00980A,2454,聯發科技,3.16
2026/3/10,00980A,7769,鴻勁精密,3.03
2026/3/10,00980A,3017,奇鋐科技,2.92
2026/3/10,00980A,2368,金像電子（股）公司,2.65
2026/3/10,00980A,6669,緯穎科技服務,2.61
2026/3/10,00980A,2345,智邦科技,2.56
2026/3/10,00980A,2383,台光電子材料,2.5
2026/3/10,00980A,3665,貿聯控股（BizLink Holding In,2.46
2026/3/10,00980A,2382,廣達電腦,2.42
2026/3/10,00980A,2891,中國信託金融控股,2.39
2026/3/10,00980A,2344,華邦電子,2.16
2026/3/10,00980A,2059,川湖科技,2.15
2026/3/10,00980A,3036,文曄科技,2.05
2026/3/10,00980A,8210,勤誠興業,2.02
2026/3/10,00980A,3653,健策精密工業,1.98
2026/3/10,00980A,2360,致茂電子,1.97
2026/3/10,00980A,6223,旺矽科技,1.82
2026/3/10,00980A,6515,穎崴科技,1.74
2026/3/10,00980A,6805,富世達,1.66
2026/3/10,00980A,3231,緯創資通,1.63
2026/3/10,00980A,2884,玉山金融控股,1.59
2026/3/10,00980A,2881,富邦金融控股,1.56
2026/3/10,00980A,2408,南亞科技,1.51
2026/3/10,00980A,2449,京元電子,1.45
2026/3/10,00980A,6274,台燿科技,1.35
2026/3/10,00980A,8299,群聯電子,1.35
2026/3/10,00980A,3044,健鼎科技,1.32
2026/3/10,00980A,3264,欣銓科技,1.21
2026/3/10,00980A,5234,達興材料,1.09
2026/3/10,00980A,8996,高力熱處理工業,1.09
2026/3/10,00980A,6442,光紅建聖,1.04
2026/3/10,00980A,3293,鈊象電子,1
2026/3/10,00980A,1519,華城電機,0.98
2026/3/10,00980A,2379,瑞昱半導體,0.96
2026/3/10,00980A,3443,創意電子,0.96
2026/3/10,00980A,1477,聚陽實業,0.91
2026/3/10,00980A,5434,崇越科技,0.8
2026/3/10,00980A,3526,凡甲科技,0.78
2026/3/10,00980A,5904,寶雅國際,0.77
2026/3/10,00980A,1590,亞德客國際集團,0.76
2026/3/10,00980A,6510,中華精測科技,0.74
2026/3/10,00980A,4915,致伸科技,0.73
2026/3/10,00980A,6584,南俊國際,0.64
2026/3/10,00980A,2376,技嘉科技,0.63
2026/3/10,00980A,2027,大成不銹鋼工業,0.57
2026/3/10,00980A,4749,新應材,0.45
2026/3/10,00980A,2327,國巨,0.44
2026/3/11,00980A,2330,台灣積體電路製造,9.27
2026/3/11,00980A,2308,台達電子工業,4.54
2026/3/11,00980A,2317,鴻海精密工業,3.72
2026/3/11,00980A,2454,聯發科技,3.12
2026/3/11,00980A,3017,奇鋐科技,3.06
2026/3/11,00980A,7769,鴻勁精密,3.05
2026/3/11,00980A,2368,金像電子（股）公司,2.78
2026/3/11,00980A,6669,緯穎科技服務,2.64
2026/3/11,00980A,2345,智邦科技,2.53
2026/3/11,00980A,3665,貿聯控股（BizLink Holding In,2.49
2026/3/11,00980A,2383,台光電子材料,2.47
2026/3/11,00980A,2382,廣達電腦,2.37
2026/3/11,00980A,2891,中國信託金融控股,2.28
2026/3/11,00980A,2059,川湖科技,2.25
2026/3/11,00980A,2344,華邦電子,2.23
2026/3/11,00980A,2360,致茂電子,2.07
2026/3/11,00980A,3036,文曄科技,2.05
2026/3/11,00980A,8210,勤誠興業,1.95
2026/3/11,00980A,6223,旺矽科技,1.91
2026/3/11,00980A,3653,健策精密工業,1.88
2026/3/11,00980A,6515,穎崴科技,1.79
2026/3/11,00980A,6805,富世達,1.7
2026/3/11,00980A,3231,緯創資通,1.6
2026/3/11,00980A,2408,南亞科技,1.59
2026/3/11,00980A,2884,玉山金融控股,1.52
2026/3/11,00980A,2881,富邦金融控股,1.5
2026/3/11,00980A,2449,京元電子,1.45
2026/3/11,00980A,8299,群聯電子,1.39
2026/3/11,00980A,6274,台燿科技,1.35
2026/3/11,00980A,3044,健鼎科技,1.24
2026/3/11,00980A,3264,欣銓科技,1.22
2026/3/11,00980A,8996,高力熱處理工業,1.13
2026/3/11,00980A,5234,達興材料,1.08
2026/3/11,00980A,6442,光紅建聖,1.05
2026/3/11,00980A,3293,鈊象電子,0.98
2026/3/11,00980A,3443,創意電子,0.97
2026/3/11,00980A,1519,華城電機,0.96
2026/3/11,00980A,2379,瑞昱半導體,0.95
2026/3/11,00980A,1477,聚陽實業,0.87
2026/3/11,00980A,5434,崇越科技,0.8
2026/3/11,00980A,1590,亞德客國際集團,0.77
2026/3/11,00980A,6510,中華精測科技,0.77
2026/3/11,00980A,3526,凡甲科技,0.76
2026/3/11,00980A,5904,寶雅國際,0.74
2026/3/11,00980A,4915,致伸科技,0.71
2026/3/11,00980A,6584,南俊國際,0.66
2026/3/11,00980A,2376,技嘉科技,0.63
2026/3/11,00980A,2027,大成不銹鋼工業,0.56
2026/3/11,00980A,4749,新應材,0.45
2026/3/11,00980A,2327,國巨,0.43
2026/3/12,00980A,2330,台灣積體電路製造,9.07
2026/3/12,00980A,2308,台達電子工業,4.48
2026/3/12,00980A,6669,緯穎科技服務,3.51
2026/3/12,00980A,2317,鴻海精密工業,3.37
2026/3/12,00980A,3017,奇鋐科技,3.11
2026/3/12,00980A,7769,鴻勁精密,3.07
2026/3/12,00980A,2408,南亞科技,2.98
2026/3/12,00980A,2382,廣達電腦,2.89
2026/3/12,00980A,8210,勤誠興業,2.67
2026/3/12,00980A,2345,智邦科技,2.58
2026/3/12,00980A,3665,貿聯控股（BizLink Holding In,2.47
2026/3/12,00980A,2891,中國信託金融控股,2.31
2026/3/12,00980A,2454,聯發科技,2.3
2026/3/12,00980A,2368,金像電子（股）公司,2.25
2026/3/12,00980A,2059,川湖科技,2.23
2026/3/12,00980A,5274,信驊科技,2.16
2026/3/12,00980A,6223,旺矽科技,2.11
2026/3/12,00980A,2360,致茂電子,2.08
2026/3/12,00980A,6515,穎崴科技,1.93
2026/3/12,00980A,3653,健策精密工業,1.87
2026/3/12,00980A,2383,台光電子材料,1.82
2026/3/12,00980A,6805,富世達,1.69
2026/3/12,00980A,8299,群聯電子,1.64
2026/3/12,00980A,3231,緯創資通,1.61
2026/3/12,00980A,2881,富邦金融控股,1.52
2026/3/12,00980A,2884,玉山金融控股,1.52
2026/3/12,00980A,6584,南俊國際,1.5
2026/3/12,00980A,3293,鈊象電子,1.36
2026/3/12,00980A,3036,文曄科技,1.32
2026/3/12,00980A,6274,台燿科技,1.26
2026/3/12,00980A,8996,高力熱處理工業,1.25
2026/3/12,00980A,2344,華邦電子,1.25
2026/3/12,00980A,3264,欣銓科技,1.22
2026/3/12,00980A,2376,技嘉科技,1.16
2026/3/12,00980A,5234,達興材料,1.14
2026/3/12,00980A,6442,光紅建聖,0.99
2026/3/12,00980A,3443,創意電子,0.94
2026/3/12,00980A,1477,聚陽實業,0.88
2026/3/12,00980A,5434,崇越科技,0.81
2026/3/12,00980A,3533,嘉澤端子工業,0.8
2026/3/12,00980A,1590,亞德客國際集團,0.77
2026/3/12,00980A,6831,邁科科技,0.77
2026/3/12,00980A,5904,寶雅國際,0.75
2026/3/12,00980A,3044,健鼎科技,0.75
2026/3/12,00980A,4915,致伸科技,0.71
2026/3/12,00980A,1519,華城電機,0.57
2026/3/12,00980A,2449,京元電子,0.57
2026/3/12,00980A,6510,中華精測科技,0.36
2026/3/12,00980A,2548,華固建設,0.23
2026/3/13,00980A,2330,台灣積體電路製造,9.02
2026/3/13,00980A,2308,台達電子工業,4.55
2026/3/13,00980A,6669,緯穎科技服務,3.51
2026/3/13,00980A,2317,鴻海精密工業,3.39
2026/3/13,00980A,3017,奇鋐科技,3.11
2026/3/13,00980A,2408,南亞科技,2.98
2026/3/13,00980A,2382,廣達電腦,2.91
2026/3/13,00980A,7769,鴻勁精密,2.82
2026/3/13,00980A,8210,勤誠興業,2.73
2026/3/13,00980A,2345,智邦科技,2.45
2026/3/13,00980A,3665,貿聯控股（BizLink Holding In,2.42
2026/3/13,00980A,2891,中國信託金融控股,2.32
2026/3/13,00980A,2368,金像電子（股）公司,2.32
2026/3/13,00980A,2059,川湖科技,2.29
2026/3/13,00980A,2454,聯發科技,2.22
2026/3/13,00980A,5274,信驊科技,2.18
2026/3/13,00980A,2360,致茂電子,2.14
2026/3/13,00980A,6223,旺矽科技,2.09
2026/3/13,00980A,6515,穎崴科技,1.93
2026/3/13,00980A,2383,台光電子材料,1.91
2026/3/13,00980A,3653,健策精密工業,1.78
2026/3/13,00980A,8299,群聯電子,1.64
2026/3/13,00980A,3231,緯創資通,1.63
2026/3/13,00980A,6805,富世達,1.62
2026/3/13,00980A,2884,玉山金融控股,1.53
2026/3/13,00980A,6584,南俊國際,1.52
2026/3/13,00980A,2881,富邦金融控股,1.5
2026/3/13,00980A,6274,台燿科技,1.39
2026/3/13,00980A,3293,鈊象電子,1.36
2026/3/13,00980A,3036,文曄科技,1.35
2026/3/13,00980A,2344,華邦電子,1.26
2026/3/13,00980A,8996,高力熱處理工業,1.23
2026/3/13,00980A,3264,欣銓科技,1.21
2026/3/13,00980A,2376,技嘉科技,1.19
2026/3/13,00980A,5234,達興材料,1.13
2026/3/13,00980A,6442,光紅建聖,0.99
2026/3/13,00980A,3443,創意電子,0.95
2026/3/13,00980A,1477,聚陽實業,0.87
2026/3/13,00980A,6831,邁科科技,0.83
2026/3/13,00980A,5434,崇越科技,0.81
2026/3/13,00980A,3044,健鼎科技,0.8
2026/3/13,00980A,3533,嘉澤端子工業,0.78
2026/3/13,00980A,1590,亞德客國際集團,0.77
2026/3/13,00980A,5904,寶雅國際,0.76
2026/3/13,00980A,4915,致伸科技,0.72
2026/3/13,00980A,1519,華城電機,0.57
2026/3/13,00980A,2449,京元電子,0.57
2026/3/13,00980A,6510,中華精測科技,0.35
2026/3/13,00980A,2548,華固建設,0.23
2026/3/16,00980A,2330,台灣積體電路製造,8.91
2026/3/16,00980A,2308,台達電子工業,3.45
2026/3/16,00980A,6669,緯穎科技服務,3.45
2026/3/16,00980A,2317,鴻海精密工業,3.42
2026/3/16,00980A,2408,南亞科技,3.27
2026/3/16,00980A,2382,廣達電腦,2.9
2026/3/16,00980A,7769,鴻勁精密,2.9
2026/3/16,00980A,8210,勤誠興業,2.71
2026/3/16,00980A,3017,奇鋐科技,2.67
2026/3/16,00980A,2345,智邦科技,2.39
2026/3/16,00980A,2891,中國信託金融控股,2.34
2026/3/16,00980A,2368,金像電子（股）公司,2.25
2026/3/16,00980A,2059,川湖科技,2.25
2026/3/16,00980A,2454,聯發科技,2.21
2026/3/16,00980A,5274,信驊科技,2.13
2026/3/16,00980A,6223,旺矽科技,2.1
2026/3/16,00980A,2360,致茂電子,2.03
2026/3/16,00980A,6515,穎崴科技,1.89
2026/3/16,00980A,3653,健策精密工業,1.85
2026/3/16,00980A,2383,台光電子材料,1.82
2026/3/16,00980A,8299,群聯電子,1.8
2026/3/16,00980A,3665,貿聯控股（BizLink Holding In,1.78
2026/3/16,00980A,3231,緯創資通,1.64
2026/3/16,00980A,6805,富世達,1.61
2026/3/16,00980A,6584,南俊國際,1.53
2026/3/16,00980A,2881,富邦金融控股,1.51
2026/3/16,00980A,3711,日月光投資控股,1.5
2026/3/16,00980A,2884,玉山金融控股,1.49
2026/3/16,00980A,6274,台燿科技,1.41
2026/3/16,00980A,3036,文曄科技,1.35
2026/3/16,00980A,3293,鈊象電子,1.35
2026/3/16,00980A,2344,華邦電子,1.35
2026/3/16,00980A,8996,高力熱處理工業,1.26
2026/3/16,00980A,3264,欣銓科技,1.21
2026/3/16,00980A,2376,技嘉科技,1.2
2026/3/16,00980A,5234,達興材料,1.14
2026/3/16,00980A,6442,光紅建聖,1.02
2026/3/16,00980A,3443,創意電子,0.94
2026/3/16,00980A,1477,聚陽實業,0.9
2026/3/16,00980A,6831,邁科科技,0.83
2026/3/16,00980A,5434,崇越科技,0.8
2026/3/16,00980A,5904,寶雅國際,0.76
2026/3/16,00980A,1590,亞德客國際集團,0.76
2026/3/16,00980A,3044,健鼎科技,0.76
2026/3/16,00980A,3533,嘉澤端子工業,0.75
2026/3/16,00980A,4915,致伸科技,0.73
2026/3/16,00980A,1519,華城電機,0.56
2026/3/16,00980A,2449,京元電子,0.55
2026/3/16,00980A,2548,華固建設,0.46
2026/3/16,00980A,6510,中華精測科技,0.34
2026/3/17,00980A,2330,台灣積體電路製造,8.87
2026/3/17,00980A,2308,台達電子工業,3.59
2026/3/17,00980A,6669,緯穎科技服務,3.36
2026/3/17,00980A,2408,南亞科技,3.34
2026/3/17,00980A,2317,鴻海精密工業,3.29
2026/3/17,00980A,7769,鴻勁精密,2.96
2026/3/17,00980A,2382,廣達電腦,2.85
2026/3/17,00980A,3017,奇鋐科技,2.73
2026/3/17,00980A,8210,勤誠興業,2.64
2026/3/17,00980A,2345,智邦科技,2.46
2026/3/17,00980A,2891,中國信託金融控股,2.35
2026/3/17,00980A,5274,信驊科技,2.3
2026/3/17,00980A,2059,川湖科技,2.24
2026/3/17,00980A,2368,金像電子（股）公司,2.23
2026/3/17,00980A,2454,聯發科技,2.2
2026/3/17,00980A,6223,旺矽科技,2.07
2026/3/17,00980A,2360,致茂電子,2.02
2026/3/17,00980A,3653,健策精密工業,2
2026/3/17,00980A,6515,穎崴科技,1.99
2026/3/17,00980A,2383,台光電子材料,1.87
2026/3/17,00980A,3665,貿聯控股（BizLink Holding In,1.85
2026/3/17,00980A,8299,群聯電子,1.74
2026/3/17,00980A,3231,緯創資通,1.6
2026/3/17,00980A,6805,富世達,1.58
2026/3/17,00980A,6584,南俊國際,1.52
2026/3/17,00980A,2881,富邦金融控股,1.5
2026/3/17,00980A,3711,日月光投資控股,1.49
2026/3/17,00980A,2884,玉山金融控股,1.46
2026/3/17,00980A,3036,文曄科技,1.41
2026/3/17,00980A,2344,華邦電子,1.4
2026/3/17,00980A,6274,台燿科技,1.39
2026/3/17,00980A,3293,鈊象電子,1.35
2026/3/17,00980A,3264,欣銓科技,1.24
2026/3/17,00980A,2376,技嘉科技,1.24
2026/3/17,00980A,8996,高力熱處理工業,1.23
2026/3/17,00980A,5234,達興材料,1.12
2026/3/17,00980A,6442,光紅建聖,0.97
2026/3/17,00980A,3443,創意電子,0.93
2026/3/17,00980A,1477,聚陽實業,0.86
2026/3/17,00980A,6831,邁科科技,0.81
2026/3/17,00980A,3533,嘉澤端子工業,0.8
2026/3/17,00980A,5434,崇越科技,0.79
2026/3/17,00980A,5904,寶雅國際,0.76
2026/3/17,00980A,1590,亞德客國際集團,0.76
2026/3/17,00980A,3044,健鼎科技,0.75
2026/3/17,00980A,4915,致伸科技,0.71
2026/3/17,00980A,1519,華城電機,0.56
2026/3/17,00980A,2449,京元電子,0.56
2026/3/17,00980A,2548,華固建設,0.45
2026/3/17,00980A,6510,中華精測科技,0.34
2026/3/18,00980A,2330,台灣積體電路製造,8.89
2026/3/18,00980A,2308,台達電子工業,3.59
2026/3/18,00980A,2408,南亞科技,3.34
2026/3/18,00980A,2317,鴻海精密工業,3.2
2026/3/18,00980A,6669,緯穎科技服務,3.18
2026/3/18,00980A,7769,鴻勁精密,3.01
2026/3/18,00980A,2382,廣達電腦,2.84
2026/3/18,00980A,2345,智邦科技,2.66
2026/3/18,00980A,8210,勤誠興業,2.62
2026/3/18,00980A,3017,奇鋐科技,2.61
2026/3/18,00980A,5274,信驊科技,2.47
2026/3/18,00980A,2891,中國信託金融控股,2.32
2026/3/18,00980A,2059,川湖科技,2.24
2026/3/18,00980A,2368,金像電子（股）公司,2.19
2026/3/18,00980A,2454,聯發科技,2.16
2026/3/18,00980A,6515,穎崴科技,2.14
2026/3/18,00980A,6223,旺矽科技,2.12
2026/3/18,00980A,2360,致茂電子,2.12
2026/3/18,00980A,3653,健策精密工業,2.1
2026/3/18,00980A,2383,台光電子材料,1.84
2026/3/18,00980A,3665,貿聯控股（BizLink Holding In,1.76
2026/3/18,00980A,8299,群聯電子,1.74
2026/3/18,00980A,6805,富世達,1.63
2026/3/18,00980A,6584,南俊國際,1.56
2026/3/18,00980A,3231,緯創資通,1.54
2026/3/18,00980A,3711,日月光投資控股,1.53
2026/3/18,00980A,2881,富邦金融控股,1.47
2026/3/18,00980A,2884,玉山金融控股,1.44
2026/3/18,00980A,6274,台燿科技,1.44
2026/3/18,00980A,3036,文曄科技,1.42
2026/3/18,00980A,2344,華邦電子,1.42
2026/3/18,00980A,3293,鈊象電子,1.35
2026/3/18,00980A,8996,高力熱處理工業,1.26
2026/3/18,00980A,2376,技嘉科技,1.23
2026/3/18,00980A,3264,欣銓科技,1.21
2026/3/18,00980A,5234,達興材料,1.1
2026/3/18,00980A,6442,光紅建聖,1.05
2026/3/18,00980A,3443,創意電子,1.01
2026/3/18,00980A,1477,聚陽實業,0.88
2026/3/18,00980A,3533,嘉澤端子工業,0.83
2026/3/18,00980A,5434,崇越科技,0.8
2026/3/18,00980A,6831,邁科科技,0.8
2026/3/18,00980A,3044,健鼎科技,0.76
2026/3/18,00980A,1590,亞德客國際集團,0.75
2026/3/18,00980A,5904,寶雅國際,0.74
2026/3/18,00980A,4915,致伸科技,0.71
2026/3/18,00980A,2449,京元電子,0.6
2026/3/18,00980A,1519,華城電機,0.56
2026/3/18,00980A,2548,華固建設,0.43
2026/3/18,00980A,6510,中華精測科技,0.33
2026/3/19,00980A,2330,台灣積體電路製造,8.73
2026/3/19,00980A,2308,台達電子工業,3.6
2026/3/19,00980A,2408,南亞科技,3.18
2026/3/19,00980A,6669,緯穎科技服務,3.17
2026/3/19,00980A,2317,鴻海精密工業,3.16
2026/3/19,00980A,7769,鴻勁精密,2.9
2026/3/19,00980A,3017,奇鋐科技,2.87
2026/3/19,00980A,2382,廣達電腦,2.81
2026/3/19,00980A,2345,智邦科技,2.68
2026/3/19,00980A,8210,勤誠興業,2.66
2026/3/19,00980A,5274,信驊科技,2.44
2026/3/19,00980A,2368,金像電子（股）公司,2.43
2026/3/19,00980A,2059,川湖科技,2.37
2026/3/19,00980A,2891,中國信託金融控股,2.28
2026/3/19,00980A,2360,致茂電子,2.18
2026/3/19,00980A,6515,穎崴科技,2.16
2026/3/19,00980A,2454,聯發科技,2.12
2026/3/19,00980A,6223,旺矽科技,2.11
2026/3/19,00980A,3653,健策精密工業,2.08
2026/3/19,00980A,2383,台光電子材料,1.99
2026/3/19,00980A,3665,貿聯控股（BizLink Holding In,1.81
2026/3/19,00980A,6805,富世達,1.77
2026/3/19,00980A,8299,群聯電子,1.75
2026/3/19,00980A,6584,南俊國際,1.74
2026/3/19,00980A,6274,台燿科技,1.6
2026/3/19,00980A,3231,緯創資通,1.52
2026/3/19,00980A,3711,日月光投資控股,1.51
2026/3/19,00980A,2881,富邦金融控股,1.47
2026/3/19,00980A,2884,玉山金融控股,1.43
2026/3/19,00980A,3036,文曄科技,1.4
2026/3/19,00980A,3293,鈊象電子,1.37
2026/3/19,00980A,2344,華邦電子,1.37
2026/3/19,00980A,8996,高力熱處理工業,1.27
2026/3/19,00980A,2376,技嘉科技,1.23
2026/3/19,00980A,3264,欣銓科技,1.21
2026/3/19,00980A,6442,光紅建聖,1.11
2026/3/19,00980A,5234,達興材料,1.09
2026/3/19,00980A,3443,創意電子,1.06
2026/3/19,00980A,3533,嘉澤端子工業,0.89
2026/3/19,00980A,1477,聚陽實業,0.88
2026/3/19,00980A,6831,邁科科技,0.85
2026/3/19,00980A,5434,崇越科技,0.78
2026/3/19,00980A,5904,寶雅國際,0.75
2026/3/19,00980A,3044,健鼎科技,0.75
2026/3/19,00980A,1590,亞德客國際集團,0.72
2026/3/19,00980A,4915,致伸科技,0.7
2026/3/19,00980A,2449,京元電子,0.59
2026/3/19,00980A,1519,華城電機,0.56
2026/3/19,00980A,2548,華固建設,0.44
2026/3/19,00980A,6510,中華精測科技,0.32
2026/3/20,00980A,2330,台灣積體電路製造,8.7
2026/3/20,00980A,2308,台達電子工業,3.66
2026/3/20,00980A,6669,緯穎科技服務,3.21
2026/3/20,00980A,2317,鴻海精密工業,3.14
2026/3/20,00980A,3017,奇鋐科技,2.92
2026/3/20,00980A,2408,南亞科技,2.86
2026/3/20,00980A,7769,鴻勁精密,2.86
2026/3/20,00980A,2382,廣達電腦,2.79
2026/3/20,00980A,8210,勤誠興業,2.72
2026/3/20,00980A,2345,智邦科技,2.71
2026/3/20,00980A,2368,金像電子（股）公司,2.39
2026/3/20,00980A,5274,信驊科技,2.38
2026/3/20,00980A,6515,穎崴科技,2.38
2026/3/20,00980A,2891,中國信託金融控股,2.3
2026/3/20,00980A,2059,川湖科技,2.26
2026/3/20,00980A,6223,旺矽科技,2.22
2026/3/20,00980A,2360,致茂電子,2.17
2026/3/20,00980A,2454,聯發科技,2.15
2026/3/20,00980A,3653,健策精密工業,2.06
2026/3/20,00980A,2383,台光電子材料,1.94
2026/3/20,00980A,3665,貿聯控股（BizLink Holding In,1.93
2026/3/20,00980A,6584,南俊國際,1.92
2026/3/20,00980A,6805,富世達,1.8
2026/3/20,00980A,8299,群聯電子,1.71
2026/3/20,00980A,3231,緯創資通,1.55
2026/3/20,00980A,6274,台燿科技,1.52
2026/3/20,00980A,3711,日月光投資控股,1.49
2026/3/20,00980A,2881,富邦金融控股,1.48
2026/3/20,00980A,2884,玉山金融控股,1.44
2026/3/20,00980A,3036,文曄科技,1.43
2026/3/20,00980A,3293,鈊象電子,1.37
2026/3/20,00980A,2376,技嘉科技,1.24
2026/3/20,00980A,2344,華邦電子,1.24
2026/3/20,00980A,8996,高力熱處理工業,1.22
2026/3/20,00980A,3264,欣銓科技,1.19
2026/3/20,00980A,6442,光紅建聖,1.18
2026/3/20,00980A,3443,創意電子,1.07
2026/3/20,00980A,5234,達興材料,1.06
2026/3/20,00980A,6831,邁科科技,0.93
2026/3/20,00980A,3533,嘉澤端子工業,0.9
2026/3/20,00980A,1477,聚陽實業,0.85
2026/3/20,00980A,5434,崇越科技,0.78
2026/3/20,00980A,5904,寶雅國際,0.75
2026/3/20,00980A,3044,健鼎科技,0.74
2026/3/20,00980A,4915,致伸科技,0.72
2026/3/20,00980A,1590,亞德客國際集團,0.72
2026/3/20,00980A,2449,京元電子,0.58
2026/3/20,00980A,1519,華城電機,0.56
2026/3/20,00980A,2548,華固建設,0.46
2026/3/20,00980A,6510,中華精測科技,0.32
2026/3/23,00980A,2330,台灣積體電路製造,8.81
2026/3/23,00980A,2308,台達電子工業,3.6
2026/3/23,00980A,6669,緯穎科技服務,3.17
2026/3/23,00980A,2317,鴻海精密工業,3.12
2026/3/23,00980A,3017,奇鋐科技,2.93
2026/3/23,00980A,2382,廣達電腦,2.84
2026/3/23,00980A,7769,鴻勁精密,2.84
2026/3/23,00980A,2408,南亞科技,2.81
2026/3/23,00980A,8210,勤誠興業,2.75
2026/3/23,00980A,2345,智邦科技,2.72
2026/3/23,00980A,6515,穎崴科技,2.44
2026/3/23,00980A,2368,金像電子（股）公司,2.4
2026/3/23,00980A,5274,信驊科技,2.39
2026/3/23,00980A,2891,中國信託金融控股,2.34
2026/3/23,00980A,2059,川湖科技,2.33
2026/3/23,00980A,6223,旺矽科技,2.2
2026/3/23,00980A,2360,致茂電子,2.15
2026/3/23,00980A,3653,健策精密工業,2.12
2026/3/23,00980A,2454,聯發科技,2.12
2026/3/23,00980A,6584,南俊國際,2.02
2026/3/23,00980A,2383,台光電子材料,1.98
2026/3/23,00980A,3665,貿聯控股（BizLink Holding In,1.93
2026/3/23,00980A,6805,富世達,1.73
2026/3/23,00980A,8299,群聯電子,1.65
2026/3/23,00980A,3231,緯創資通,1.54
2026/3/23,00980A,6274,台燿科技,1.52
2026/3/23,00980A,2881,富邦金融控股,1.49
2026/3/23,00980A,3711,日月光投資控股,1.48
2026/3/23,00980A,2884,玉山金融控股,1.45
2026/3/23,00980A,3036,文曄科技,1.4
2026/3/23,00980A,3293,鈊象電子,1.38
2026/3/23,00980A,2344,華邦電子,1.25
2026/3/23,00980A,2376,技嘉科技,1.19
2026/3/23,00980A,3264,欣銓科技,1.17
2026/3/23,00980A,8996,高力熱處理工業,1.13
2026/3/23,00980A,6442,光紅建聖,1.1
2026/3/23,00980A,3443,創意電子,1.08
2026/3/23,00980A,5234,達興材料,1.02
2026/3/23,00980A,3533,嘉澤端子工業,0.9
2026/3/23,00980A,6831,邁科科技,0.87
2026/3/23,00980A,1477,聚陽實業,0.82
2026/3/23,00980A,5434,崇越科技,0.79
2026/3/23,00980A,5904,寶雅國際,0.78
2026/3/23,00980A,3044,健鼎科技,0.75
2026/3/23,00980A,1590,亞德客國際集團,0.73
2026/3/23,00980A,4915,致伸科技,0.72
2026/3/23,00980A,1519,華城電機,0.56
2026/3/23,00980A,2449,京元電子,0.55
2026/3/23,00980A,2548,華固建設,0.46
2026/3/23,00980A,6510,中華精測科技,0.31
2026/3/24,00980A,2330,台灣積體電路製造,8.88
2026/3/24,00980A,2308,台達電子工業,3.64
2026/3/24,00980A,6669,緯穎科技服務,3.26
2026/3/24,00980A,2317,鴻海精密工業,3.13
2026/3/24,00980A,3017,奇鋐科技,2.88
2026/3/24,00980A,2382,廣達電腦,2.87
2026/3/24,00980A,2408,南亞科技,2.75
2026/3/24,00980A,2345,智邦科技,2.69
2026/3/24,00980A,7769,鴻勁精密,2.69
2026/3/24,00980A,8210,勤誠興業,2.69
2026/3/24,00980A,6515,穎崴科技,2.55
2026/3/24,00980A,2059,川湖科技,2.43
2026/3/24,00980A,2891,中國信託金融控股,2.38
2026/3/24,00980A,5274,信驊科技,2.3
2026/3/24,00980A,2368,金像電子（股）公司,2.24
2026/3/24,00980A,3653,健策精密工業,2.19
2026/3/24,00980A,6223,旺矽科技,2.19
2026/3/24,00980A,6584,南俊國際,2.14
2026/3/24,00980A,2454,聯發科技,2.13
2026/3/24,00980A,2360,致茂電子,2.11
2026/3/24,00980A,2383,台光電子材料,1.92
2026/3/24,00980A,3665,貿聯控股（BizLink Holding In,1.9
2026/3/24,00980A,6805,富世達,1.71
2026/3/24,00980A,3231,緯創資通,1.6
2026/3/24,00980A,8299,群聯電子,1.56
2026/3/24,00980A,6274,台燿科技,1.54
2026/3/24,00980A,2881,富邦金融控股,1.51
2026/3/24,00980A,3711,日月光投資控股,1.5
2026/3/24,00980A,2884,玉山金融控股,1.48
2026/3/24,00980A,3293,鈊象電子,1.4
2026/3/24,00980A,3036,文曄科技,1.35
2026/3/24,00980A,2376,技嘉科技,1.22
2026/3/24,00980A,3264,欣銓科技,1.19
2026/3/24,00980A,2344,華邦電子,1.17
2026/3/24,00980A,6442,光紅建聖,1.16
2026/3/24,00980A,8996,高力熱處理工業,1.07
2026/3/24,00980A,3443,創意電子,1.05
2026/3/24,00980A,5234,達興材料,1.03
2026/3/24,00980A,3533,嘉澤端子工業,0.89
2026/3/24,00980A,6831,邁科科技,0.89
2026/3/24,00980A,1477,聚陽實業,0.84
2026/3/24,00980A,5434,崇越科技,0.79
2026/3/24,00980A,5904,寶雅國際,0.79
2026/3/24,00980A,1590,亞德客國際集團,0.73
2026/3/24,00980A,4915,致伸科技,0.73
2026/3/24,00980A,3044,健鼎科技,0.73
2026/3/24,00980A,1519,華城電機,0.56
2026/3/24,00980A,2449,京元電子,0.54
2026/3/24,00980A,2548,華固建設,0.47
2026/3/24,00980A,6510,中華精測科技,0.3
2026/3/25,00980A,2330,台灣積體電路製造,8.77
2026/3/25,00980A,2308,台達電子工業,3.87
2026/3/25,00980A,6669,緯穎科技服務,3.19
2026/3/25,00980A,2317,鴻海精密工業,3.1
2026/3/25,00980A,3017,奇鋐科技,3.01
2026/3/25,00980A,2345,智邦科技,2.86
2026/3/25,00980A,2382,廣達電腦,2.82
2026/3/25,00980A,2408,南亞科技,2.79
2026/3/25,00980A,7769,鴻勁精密,2.71
2026/3/25,00980A,8210,勤誠興業,2.71
2026/3/25,00980A,6515,穎崴科技,2.55
2026/3/25,00980A,2059,川湖科技,2.42
2026/3/25,00980A,2891,中國信託金融控股,2.34
2026/3/25,00980A,5274,信驊科技,2.34
2026/3/25,00980A,2368,金像電子（股）公司,2.25
2026/3/25,00980A,2360,致茂電子,2.24
2026/3/25,00980A,6584,南俊國際,2.18
2026/3/25,00980A,6223,旺矽科技,2.17
2026/3/25,00980A,3653,健策精密工業,2.12
2026/3/25,00980A,2454,聯發科技,2.06
2026/3/25,00980A,2383,台光電子材料,1.97
2026/3/25,00980A,3665,貿聯控股（BizLink Holding In,1.92
2026/3/25,00980A,6805,富世達,1.72
2026/3/25,00980A,6274,台燿科技,1.6
2026/3/25,00980A,8299,群聯電子,1.55
2026/3/25,00980A,3711,日月光投資控股,1.54
2026/3/25,00980A,3231,緯創資通,1.53
2026/3/25,00980A,2881,富邦金融控股,1.49
2026/3/25,00980A,2884,玉山金融控股,1.46
2026/3/25,00980A,3293,鈊象電子,1.39
2026/3/25,00980A,3036,文曄科技,1.34
2026/3/25,00980A,6442,光紅建聖,1.23
2026/3/25,00980A,3264,欣銓科技,1.22
2026/3/25,00980A,2376,技嘉科技,1.17
2026/3/25,00980A,2344,華邦電子,1.11
2026/3/25,00980A,8996,高力熱處理工業,1.1
2026/3/25,00980A,5234,達興材料,1.03
2026/3/25,00980A,3443,創意電子,1.01
2026/3/25,00980A,3533,嘉澤端子工業,0.95
2026/3/25,00980A,6831,邁科科技,0.93
2026/3/25,00980A,1477,聚陽實業,0.81
2026/3/25,00980A,5434,崇越科技,0.78
2026/3/25,00980A,5904,寶雅國際,0.77
2026/3/25,00980A,1590,亞德客國際集團,0.75
2026/3/25,00980A,3044,健鼎科技,0.74
2026/3/25,00980A,4915,致伸科技,0.7
2026/3/25,00980A,1519,華城電機,0.57
2026/3/25,00980A,2449,京元電子,0.55
2026/3/25,00980A,2548,華固建設,0.47
2026/3/25,00980A,6510,中華精測科技,0.29
2026/3/26,00980A,2330,台灣積體電路製造,8.77
2026/3/26,00980A,2308,台達電子工業,3.79
2026/3/26,00980A,3017,奇鋐科技,3.27
2026/3/26,00980A,2317,鴻海精密工業,3.12
2026/3/26,00980A,6669,緯穎科技服務,2.94
2026/3/26,00980A,2345,智邦科技,2.85
2026/3/26,00980A,2382,廣達電腦,2.84
2026/3/26,00980A,2408,南亞科技,2.78
2026/3/26,00980A,8210,勤誠興業,2.72
2026/3/26,00980A,7769,鴻勁精密,2.71
2026/3/26,00980A,6515,穎崴科技,2.46
2026/3/26,00980A,2059,川湖科技,2.42
2026/3/26,00980A,2891,中國信託金融控股,2.36
2026/3/26,00980A,5274,信驊科技,2.36
2026/3/26,00980A,2360,致茂電子,2.26
2026/3/26,00980A,2368,金像電子（股）公司,2.24
2026/3/26,00980A,6584,南俊國際,2.15
2026/3/26,00980A,6223,旺矽科技,2.12
2026/3/26,00980A,3653,健策精密工業,2.12
2026/3/26,00980A,2383,台光電子材料,2.05
2026/3/26,00980A,2454,聯發科技,2.03
2026/3/26,00980A,3665,貿聯控股（BizLink Holding In,1.93
2026/3/26,00980A,6805,富世達,1.73
2026/3/26,00980A,6274,台燿科技,1.67
2026/3/26,00980A,3711,日月光投資控股,1.57
2026/3/26,00980A,3231,緯創資通,1.53
2026/3/26,00980A,2881,富邦金融控股,1.49
2026/3/26,00980A,8299,群聯電子,1.48
2026/3/26,00980A,2884,玉山金融控股,1.47
2026/3/26,00980A,3293,鈊象電子,1.45
2026/3/26,00980A,3036,文曄科技,1.29
2026/3/26,00980A,6442,光紅建聖,1.21
2026/3/26,00980A,3264,欣銓科技,1.19
2026/3/26,00980A,2376,技嘉科技,1.17
2026/3/26,00980A,8996,高力熱處理工業,1.14
2026/3/26,00980A,2344,華邦電子,1.09
2026/3/26,00980A,3443,創意電子,1.04
2026/3/26,00980A,5234,達興材料,1.01
2026/3/26,00980A,3533,嘉澤端子工業,1
2026/3/26,00980A,6831,邁科科技,1
2026/3/26,00980A,5434,崇越科技,0.77
2026/3/26,00980A,5904,寶雅國際,0.76
2026/3/26,00980A,1590,亞德客國際集團,0.75
2026/3/26,00980A,1477,聚陽實業,0.74
2026/3/26,00980A,3044,健鼎科技,0.74
2026/3/26,00980A,4915,致伸科技,0.71
2026/3/26,00980A,1519,華城電機,0.55
2026/3/26,00980A,2449,京元電子,0.55
2026/3/26,00980A,2548,華固建設,0.47
2026/3/26,00980A,6510,中華精測科技,0.28
2026/3/27,00980A,2330,台灣積體電路製造,8.71
2026/3/27,00980A,2308,台達電子工業,3.79
2026/3/27,00980A,3017,奇鋐科技,3.17
2026/3/27,00980A,2317,鴻海精密工業,3.12
2026/3/27,00980A,6669,緯穎科技服務,2.9
2026/3/27,00980A,2382,廣達電腦,2.88
2026/3/27,00980A,2345,智邦科技,2.82
2026/3/27,00980A,8210,勤誠興業,2.74
2026/3/27,00980A,2408,南亞科技,2.72
2026/3/27,00980A,7769,鴻勁精密,2.67
2026/3/27,00980A,2059,川湖科技,2.42
2026/3/27,00980A,6515,穎崴科技,2.4
2026/3/27,00980A,5274,信驊科技,2.37
2026/3/27,00980A,2891,中國信託金融控股,2.37
2026/3/27,00980A,6584,南俊國際,2.35
2026/3/27,00980A,2368,金像電子（股）公司,2.27
2026/3/27,00980A,2360,致茂電子,2.24
2026/3/27,00980A,3653,健策精密工業,2.19
2026/3/27,00980A,6223,旺矽科技,2.13
2026/3/27,00980A,2454,聯發科技,2.03
2026/3/27,00980A,2383,台光電子材料,2.03
2026/3/27,00980A,3665,貿聯控股（BizLink Holding In,1.99
2026/3/27,00980A,6274,台燿科技,1.74
2026/3/27,00980A,6805,富世達,1.73
2026/3/27,00980A,3711,日月光投資控股,1.55
2026/3/27,00980A,3231,緯創資通,1.53
2026/3/27,00980A,2881,富邦金融控股,1.48
2026/3/27,00980A,3293,鈊象電子,1.48
2026/3/27,00980A,2884,玉山金融控股,1.47
2026/3/27,00980A,8299,群聯電子,1.41
2026/3/27,00980A,3036,文曄科技,1.3
2026/3/27,00980A,3264,欣銓科技,1.26
2026/3/27,00980A,6442,光紅建聖,1.23
2026/3/27,00980A,2376,技嘉科技,1.19
2026/3/27,00980A,8996,高力熱處理工業,1.17
2026/3/27,00980A,2344,華邦電子,1.05
2026/3/27,00980A,6831,邁科科技,1.02
2026/3/27,00980A,3443,創意電子,1.01
2026/3/27,00980A,5234,達興材料,1.01
2026/3/27,00980A,3533,嘉澤端子工業,1
2026/3/27,00980A,5434,崇越科技,0.77
2026/3/27,00980A,5904,寶雅國際,0.76
2026/3/27,00980A,3044,健鼎科技,0.75
2026/3/27,00980A,1477,聚陽實業,0.75
2026/3/27,00980A,1590,亞德客國際集團,0.74
2026/3/27,00980A,4915,致伸科技,0.72
2026/3/27,00980A,1519,華城電機,0.53
2026/3/27,00980A,2449,京元電子,0.53
2026/3/27,00980A,2548,華固建設,0.47
2026/3/27,00980A,6510,中華精測科技,0.29
2026/3/30,00980A,2330,台灣積體電路製造,8.67
2026/3/30,00980A,2308,台達電子工業,3.8
2026/3/30,00980A,3017,奇鋐科技,3.14
2026/3/30,00980A,2317,鴻海精密工業,3.09
2026/3/30,00980A,6669,緯穎科技服務,2.93
2026/3/30,00980A,2382,廣達電腦,2.85
2026/3/30,00980A,2345,智邦科技,2.84
2026/3/30,00980A,2408,南亞科技,2.78
2026/3/30,00980A,8210,勤誠興業,2.75
2026/3/30,00980A,7769,鴻勁精密,2.67
2026/3/30,00980A,6515,穎崴科技,2.37
2026/3/30,00980A,6584,南俊國際,2.37
2026/3/30,00980A,2059,川湖科技,2.37
2026/3/30,00980A,2891,中國信託金融控股,2.36
2026/3/30,00980A,5274,信驊科技,2.34
2026/3/30,00980A,2360,致茂電子,2.29
2026/3/30,00980A,2368,金像電子（股）公司,2.24
2026/3/30,00980A,6223,旺矽科技,2.22
2026/3/30,00980A,3653,健策精密工業,2.14
2026/3/30,00980A,3665,貿聯控股（BizLink Holding In,2.05
2026/3/30,00980A,2383,台光電子材料,1.98
2026/3/30,00980A,2454,聯發科技,1.97
2026/3/30,00980A,6274,台燿科技,1.7
2026/3/30,00980A,6805,富世達,1.7
2026/3/30,00980A,3711,日月光投資控股,1.58
2026/3/30,00980A,3231,緯創資通,1.54
2026/3/30,00980A,2881,富邦金融控股,1.49
2026/3/30,00980A,2884,玉山金融控股,1.49
2026/3/30,00980A,8299,群聯電子,1.47
2026/3/30,00980A,3293,鈊象電子,1.42
2026/3/30,00980A,3264,欣銓科技,1.31
2026/3/30,00980A,3036,文曄科技,1.3
2026/3/30,00980A,6442,光紅建聖,1.25
2026/3/30,00980A,8996,高力熱處理工業,1.23
2026/3/30,00980A,2376,技嘉科技,1.17
2026/3/30,00980A,2344,華邦電子,1.08
2026/3/30,00980A,3533,嘉澤端子工業,1
2026/3/30,00980A,6831,邁科科技,0.99
2026/3/30,00980A,5234,達興材料,0.98
2026/3/30,00980A,3443,創意電子,0.96
2026/3/30,00980A,5434,崇越科技,0.76
2026/3/30,00980A,5904,寶雅國際,0.76
2026/3/30,00980A,1590,亞德客國際集團,0.75
2026/3/30,00980A,3044,健鼎科技,0.74
2026/3/30,00980A,1477,聚陽實業,0.73
2026/3/30,00980A,4915,致伸科技,0.72
2026/3/30,00980A,2449,京元電子,0.53
2026/3/30,00980A,1519,華城電機,0.52
2026/3/30,00980A,2548,華固建設,0.48
2026/3/30,00980A,6510,中華精測科技,0.31
2026/3/31,00980A,2330,台灣積體電路製造,8.93
2026/3/31,00980A,2308,台達電子工業,3.67
2026/3/31,00980A,2317,鴻海精密工業,3.11
2026/3/31,00980A,3017,奇鋐科技,3.05
2026/3/31,00980A,6669,緯穎科技服務,2.99
2026/3/31,00980A,2382,廣達電腦,2.94
2026/3/31,00980A,8210,勤誠興業,2.78
2026/3/31,00980A,2345,智邦科技,2.73
2026/3/31,00980A,7769,鴻勁精密,2.62
2026/3/31,00980A,2408,南亞科技,2.61
2026/3/31,00980A,2891,中國信託金融控股,2.43
2026/3/31,00980A,5274,信驊科技,2.33
2026/3/31,00980A,6515,穎崴科技,2.3
2026/3/31,00980A,6584,南俊國際,2.28
2026/3/31,00980A,2059,川湖科技,2.26
2026/3/31,00980A,2368,金像電子（股）公司,2.24
2026/3/31,00980A,6223,旺矽科技,2.22
2026/3/31,00980A,3653,健策精密工業,2.18
2026/3/31,00980A,2360,致茂電子,2.15
2026/3/31,00980A,2454,聯發科技,2.02
2026/3/31,00980A,3665,貿聯控股（BizLink Holding In,1.97
2026/3/31,00980A,2383,台光電子材料,1.92
2026/3/31,00980A,6805,富世達,1.69
2026/3/31,00980A,6274,台燿科技,1.67
2026/3/31,00980A,3231,緯創資通,1.57
2026/3/31,00980A,2881,富邦金融控股,1.54
2026/3/31,00980A,2884,玉山金融控股,1.54
2026/3/31,00980A,3711,日月光投資控股,1.53
2026/3/31,00980A,3293,鈊象電子,1.49
2026/3/31,00980A,8299,群聯電子,1.44
2026/3/31,00980A,3264,欣銓科技,1.31
2026/3/31,00980A,3036,文曄科技,1.31
2026/3/31,00980A,8996,高力熱處理工業,1.21
2026/3/31,00980A,2376,技嘉科技,1.19
2026/3/31,00980A,6442,光紅建聖,1.17
2026/3/31,00980A,2344,華邦電子,1.09
2026/3/31,00980A,6831,邁科科技,1.05
2026/3/31,00980A,5234,達興材料,0.99
2026/3/31,00980A,3533,嘉澤端子工業,0.96
2026/3/31,00980A,3443,創意電子,0.94
2026/3/31,00980A,1590,亞德客國際集團,0.79
2026/3/31,00980A,5434,崇越科技,0.78
2026/3/31,00980A,5904,寶雅國際,0.78
2026/3/31,00980A,3044,健鼎科技,0.74
2026/3/31,00980A,4915,致伸科技,0.73
2026/3/31,00980A,1477,聚陽實業,0.73
2026/3/31,00980A,2449,京元電子,0.53
2026/3/31,00980A,1519,華城電機,0.51
2026/3/31,00980A,2548,華固建設,0.49
2026/3/31,00980A,6510,中華精測科技,0.29
2026/4/1,00980A,2330,台灣積體電路製造,8.89
2026/4/1,00980A,2308,台達電子工業,3.71
2026/4/1,00980A,2317,鴻海精密工業,3.09
2026/4/1,00980A,3017,奇鋐科技,3.05
2026/4/1,00980A,6669,緯穎科技服務,2.93
2026/4/1,00980A,2382,廣達電腦,2.9
2026/4/1,00980A,2345,智邦科技,2.84
2026/4/1,00980A,7769,鴻勁精密,2.73
2026/4/1,00980A,8210,勤誠興業,2.72
2026/4/1,00980A,2408,南亞科技,2.62
2026/4/1,00980A,2891,中國信託金融控股,2.41
2026/4/1,00980A,6584,南俊國際,2.36
2026/4/1,00980A,5274,信驊科技,2.33
2026/4/1,00980A,2368,金像電子（股）公司,2.33
2026/4/1,00980A,2059,川湖科技,2.33
2026/4/1,00980A,6223,旺矽科技,2.31
2026/4/1,00980A,2360,致茂電子,2.24
2026/4/1,00980A,6515,穎崴科技,2.22
2026/4/1,00980A,3653,健策精密工業,2.14
2026/4/1,00980A,3665,貿聯控股（BizLink Holding In,2.05
2026/4/1,00980A,2383,台光電子材料,2
2026/4/1,00980A,2454,聯發科技,1.88
2026/4/1,00980A,6805,富世達,1.76
2026/4/1,00980A,6274,台燿科技,1.73
2026/4/1,00980A,3711,日月光投資控股,1.59
2026/4/1,00980A,3231,緯創資通,1.54
2026/4/1,00980A,2881,富邦金融控股,1.49
2026/4/1,00980A,8299,群聯電子,1.49
2026/4/1,00980A,2884,玉山金融控股,1.48
2026/4/1,00980A,3293,鈊象電子,1.43
2026/4/1,00980A,3264,欣銓科技,1.32
2026/4/1,00980A,3036,文曄科技,1.28
2026/4/1,00980A,8996,高力熱處理工業,1.23
2026/4/1,00980A,6442,光紅建聖,1.19
2026/4/1,00980A,2376,技嘉科技,1.17
2026/4/1,00980A,2344,華邦電子,1.07
2026/4/1,00980A,6831,邁科科技,1.05
2026/4/1,00980A,5234,達興材料,1.02
2026/4/1,00980A,3443,創意電子,0.97
2026/4/1,00980A,3533,嘉澤端子工業,0.94
2026/4/1,00980A,5434,崇越科技,0.78
2026/4/1,00980A,1590,亞德客國際集團,0.77
2026/4/1,00980A,5904,寶雅國際,0.75
2026/4/1,00980A,3044,健鼎科技,0.74
2026/4/1,00980A,4915,致伸科技,0.71
2026/4/1,00980A,1477,聚陽實業,0.69
2026/4/1,00980A,2449,京元電子,0.54
2026/4/1,00980A,1519,華城電機,0.5
2026/4/1,00980A,2548,華固建設,0.48
2026/4/1,00980A,6510,中華精測科技,0.3
2026/4/2,00980A,2330,台灣積體電路製造,8.9
2026/4/2,00980A,2308,台達電子工業,3.69
2026/4/2,00980A,2317,鴻海精密工業,3.1
2026/4/2,00980A,3017,奇鋐科技,3.07
2026/4/2,00980A,6669,緯穎科技服務,2.99
2026/4/2,00980A,2382,廣達電腦,2.91
2026/4/2,00980A,2345,智邦科技,2.79
2026/4/2,00980A,7769,鴻勁精密,2.78
2026/4/2,00980A,8210,勤誠興業,2.61
2026/4/2,00980A,2408,南亞科技,2.55
2026/4/2,00980A,2891,中國信託金融控股,2.5
2026/4/2,00980A,5274,信驊科技,2.46
2026/4/2,00980A,2059,川湖科技,2.31
2026/4/2,00980A,2368,金像電子（股）公司,2.28
2026/4/2,00980A,6584,南俊國際,2.26
2026/4/2,00980A,6223,旺矽科技,2.25
2026/4/2,00980A,2360,致茂電子,2.19
2026/4/2,00980A,3665,貿聯控股（BizLink Holding In,2.1
2026/4/2,00980A,3653,健策精密工業,2.06
2026/4/2,00980A,6515,穎崴科技,2.06
2026/4/2,00980A,2383,台光電子材料,2
2026/4/2,00980A,2454,聯發科技,1.93
2026/4/2,00980A,6274,台燿科技,1.77
2026/4/2,00980A,6805,富世達,1.76
2026/4/2,00980A,3711,日月光投資控股,1.63
2026/4/2,00980A,3231,緯創資通,1.55
2026/4/2,00980A,2881,富邦金融控股,1.52
2026/4/2,00980A,2884,玉山金融控股,1.51
2026/4/2,00980A,3293,鈊象電子,1.45
2026/4/2,00980A,8299,群聯電子,1.44
2026/4/2,00980A,3264,欣銓科技,1.32
2026/4/2,00980A,3036,文曄科技,1.31
2026/4/2,00980A,8996,高力熱處理工業,1.2
2026/4/2,00980A,6442,光紅建聖,1.2
2026/4/2,00980A,2376,技嘉科技,1.18
2026/4/2,00980A,2344,華邦電子,1.08
2026/4/2,00980A,5234,達興材料,1.04
2026/4/2,00980A,6831,邁科科技,1.02
2026/4/2,00980A,3443,創意電子,0.98
2026/4/2,00980A,3533,嘉澤端子工業,0.93
2026/4/2,00980A,5434,崇越科技,0.82
2026/4/2,00980A,5904,寶雅國際,0.76
2026/4/2,00980A,1590,亞德客國際集團,0.76
2026/4/2,00980A,3044,健鼎科技,0.74
2026/4/2,00980A,4915,致伸科技,0.72
2026/4/2,00980A,1477,聚陽實業,0.68
2026/4/2,00980A,2449,京元電子,0.51
2026/4/2,00980A,1519,華城電機,0.5
2026/4/2,00980A,2548,華固建設,0.48
2026/4/2,00980A,6510,中華精測科技,0.29
2026/4/7,00980A,2330,台灣積體電路製造,9
2026/4/7,00980A,2308,台達電子工業,3.85
2026/4/7,00980A,2317,鴻海精密工業,3.04
2026/4/7,00980A,3017,奇鋐科技,2.97
2026/4/7,00980A,6669,緯穎科技服務,2.93
2026/4/7,00980A,2382,廣達電腦,2.91
2026/4/7,00980A,7769,鴻勁精密,2.86
2026/4/7,00980A,2345,智邦科技,2.79
2026/4/7,00980A,2408,南亞科技,2.58
2026/4/7,00980A,8210,勤誠興業,2.53
2026/4/7,00980A,2891,中國信託金融控股,2.52
2026/4/7,00980A,5274,信驊科技,2.38
2026/4/7,00980A,6584,南俊國際,2.33
2026/4/7,00980A,6223,旺矽科技,2.31
2026/4/7,00980A,2368,金像電子（股）公司,2.3
2026/4/7,00980A,2360,致茂電子,2.2
2026/4/7,00980A,6515,穎崴科技,2.18
2026/4/7,00980A,2059,川湖科技,2.16
2026/4/7,00980A,3665,貿聯控股（BizLink Holding In,2.15
2026/4/7,00980A,3653,健策精密工業,2.06
2026/4/7,00980A,2383,台光電子材料,2.04
2026/4/7,00980A,6274,台燿科技,1.92
2026/4/7,00980A,2454,聯發科技,1.9
2026/4/7,00980A,6805,富世達,1.7
2026/4/7,00980A,3711,日月光投資控股,1.57
2026/4/7,00980A,3231,緯創資通,1.51
2026/4/7,00980A,2881,富邦金融控股,1.5
2026/4/7,00980A,2884,玉山金融控股,1.5
2026/4/7,00980A,3293,鈊象電子,1.46
2026/4/7,00980A,8299,群聯電子,1.43
2026/4/7,00980A,3036,文曄科技,1.31
2026/4/7,00980A,3264,欣銓科技,1.25
2026/4/7,00980A,8996,高力熱處理工業,1.24
2026/4/7,00980A,6442,光紅建聖,1.23
2026/4/7,00980A,2376,技嘉科技,1.14
2026/4/7,00980A,2344,華邦電子,1.03
2026/4/7,00980A,6831,邁科科技,1.02
2026/4/7,00980A,5234,達興材料,1.02
2026/4/7,00980A,3443,創意電子,0.98
2026/4/7,00980A,3533,嘉澤端子工業,0.91
2026/4/7,00980A,5434,崇越科技,0.88
2026/4/7,00980A,1590,亞德客國際集團,0.78
2026/4/7,00980A,5904,寶雅國際,0.76
2026/4/7,00980A,3044,健鼎科技,0.75
2026/4/7,00980A,4915,致伸科技,0.71
2026/4/7,00980A,1477,聚陽實業,0.67
2026/4/7,00980A,2449,京元電子,0.52
2026/4/7,00980A,1519,華城電機,0.49
2026/4/7,00980A,2548,華固建設,0.48
2026/4/7,00980A,6510,中華精測科技,0.3
2026/4/8,00980A,2330,台灣積體電路製造,8.95
2026/4/8,00980A,2308,台達電子工業,4.01
2026/4/8,00980A,3017,奇鋐科技,3.09
2026/4/8,00980A,2317,鴻海精密工業,3.02
2026/4/8,00980A,2382,廣達電腦,2.94
2026/4/8,00980A,6669,緯穎科技服務,2.92
2026/4/8,00980A,7769,鴻勁精密,2.88
2026/4/8,00980A,2345,智邦科技,2.8
2026/4/8,00980A,2408,南亞科技,2.65
2026/4/8,00980A,8210,勤誠興業,2.6
2026/4/8,00980A,5274,信驊科技,2.48
2026/4/8,00980A,6584,南俊國際,2.42
2026/4/8,00980A,2891,中國信託金融控股,2.42
2026/4/8,00980A,6223,旺矽科技,2.41
2026/4/8,00980A,2368,金像電子（股）公司,2.35
2026/4/8,00980A,2360,致茂電子,2.29
2026/4/8,00980A,6515,穎崴科技,2.27
2026/4/8,00980A,2059,川湖科技,2.14
2026/4/8,00980A,2383,台光電子材料,2.12
2026/4/8,00980A,3653,健策精密工業,2.08
2026/4/8,00980A,3665,貿聯控股（BizLink Holding In,2.07
2026/4/8,00980A,2454,聯發科技,1.94
2026/4/8,00980A,6274,台燿科技,1.93
2026/4/8,00980A,6805,富世達,1.65
2026/4/8,00980A,3711,日月光投資控股,1.62
2026/4/8,00980A,3231,緯創資通,1.52
2026/4/8,00980A,8299,群聯電子,1.49
2026/4/8,00980A,2881,富邦金融控股,1.44
2026/4/8,00980A,2884,玉山金融控股,1.42
2026/4/8,00980A,3293,鈊象電子,1.38
2026/4/8,00980A,3036,文曄科技,1.27
2026/4/8,00980A,3264,欣銓科技,1.25
2026/4/8,00980A,6442,光紅建聖,1.21
2026/4/8,00980A,8996,高力熱處理工業,1.2
2026/4/8,00980A,2376,技嘉科技,1.18
2026/4/8,00980A,5234,達興材料,1.06
2026/4/8,00980A,2344,華邦電子,1.05
2026/4/8,00980A,6831,邁科科技,1.03
2026/4/8,00980A,3443,創意電子,0.99
2026/4/8,00980A,3533,嘉澤端子工業,0.95
2026/4/8,00980A,5434,崇越科技,0.83
2026/4/8,00980A,1590,亞德客國際集團,0.77
2026/4/8,00980A,3044,健鼎科技,0.74
2026/4/8,00980A,5904,寶雅國際,0.72
2026/4/8,00980A,4915,致伸科技,0.69
2026/4/8,00980A,1477,聚陽實業,0.64
2026/4/8,00980A,2449,京元電子,0.51
2026/4/8,00980A,1519,華城電機,0.49
2026/4/8,00980A,2548,華固建設,0.47
2026/4/8,00980A,6510,中華精測科技,0.3
2026/4/9,00980A,2330,台灣積體電路製造,9.03
2026/4/9,00980A,2308,台達電子工業,3.99
2026/4/9,00980A,2383,台光電子材料,3.06
2026/4/9,00980A,2317,鴻海精密工業,3.02
2026/4/9,00980A,2382,廣達電腦,3.01
2026/4/9,00980A,7769,鴻勁精密,2.89
2026/4/9,00980A,2345,智邦科技,2.79
2026/4/9,00980A,3017,奇鋐科技,2.78
2026/4/9,00980A,2368,金像電子（股）公司,2.6
2026/4/9,00980A,6223,旺矽科技,2.52
2026/4/9,00980A,2360,致茂電子,2.46
2026/4/9,00980A,2408,南亞科技,2.45
2026/4/9,00980A,6669,緯穎科技服務,2.36
2026/4/9,00980A,2454,聯發科技,2.35
2026/4/9,00980A,6515,穎崴科技,2.34
2026/4/9,00980A,3653,健策精密工業,2.22
2026/4/9,00980A,3665,貿聯控股（BizLink Holding In,2.2
2026/4/9,00980A,2059,川湖科技,2.13
2026/4/9,00980A,2344,華邦電子,2.09
2026/4/9,00980A,5274,信驊科技,1.99
2026/4/9,00980A,8210,勤誠興業,1.87
2026/4/9,00980A,2891,中國信託金融控股,1.69
2026/4/9,00980A,3711,日月光投資控股,1.67
2026/4/9,00980A,6805,富世達,1.62
2026/4/9,00980A,3231,緯創資通,1.54
2026/4/9,00980A,2881,富邦金融控股,1.44
2026/4/9,00980A,2884,玉山金融控股,1.44
2026/4/9,00980A,8299,群聯電子,1.41
2026/4/9,00980A,6274,台燿科技,1.4
2026/4/9,00980A,8996,高力熱處理工業,1.32
2026/4/9,00980A,3036,文曄科技,1.23
2026/4/9,00980A,6584,南俊國際,1.21
2026/4/9,00980A,6442,光紅建聖,1.19
2026/4/9,00980A,1519,華城電機,1.12
2026/4/9,00980A,3443,創意電子,1.05
2026/4/9,00980A,6831,邁科科技,1.04
2026/4/9,00980A,3533,嘉澤端子工業,0.99
2026/4/9,00980A,3264,欣銓科技,0.99
2026/4/9,00980A,5434,崇越科技,0.85
2026/4/9,00980A,3293,鈊象電子,0.78
2026/4/9,00980A,1590,亞德客國際集團,0.78
2026/4/9,00980A,5234,達興材料,0.78
2026/4/9,00980A,3044,健鼎科技,0.76
2026/4/9,00980A,5904,寶雅國際,0.73
2026/4/9,00980A,1477,聚陽實業,0.65
2026/4/9,00980A,2449,京元電子,0.51
2026/4/9,00980A,2548,華固建設,0.48
2026/4/9,00980A,2376,技嘉科技,0.45
2026/4/9,00980A,4915,致伸科技,0.32
2026/4/9,00980A,6510,中華精測科技,0.3
2026/4/10,00980A,2330,台灣積體電路製造,9.09
2026/4/10,00980A,2308,台達電子工業,5.1
2026/4/10,00980A,2383,台光電子材料,3.2
2026/4/10,00980A,2382,廣達電腦,3.04
2026/4/10,00980A,2317,鴻海精密工業,2.98
2026/4/10,00980A,2345,智邦科技,2.97
2026/4/10,00980A,7769,鴻勁精密,2.81
2026/4/10,00980A,3017,奇鋐科技,2.77
2026/4/10,00980A,6223,旺矽科技,2.56
2026/4/10,00980A,2368,金像電子（股）公司,2.54
2026/4/10,00980A,2408,南亞科技,2.53
2026/4/10,00980A,2360,致茂電子,2.35
2026/4/10,00980A,6669,緯穎科技服務,2.35
2026/4/10,00980A,2454,聯發科技,2.31
2026/4/10,00980A,6515,穎崴科技,2.29
2026/4/10,00980A,3665,貿聯控股（BizLink Holding In,2.23
2026/4/10,00980A,2059,川湖科技,2.14
2026/4/10,00980A,3653,健策精密工業,2.12
2026/4/10,00980A,2344,華邦電子,2.11
2026/4/10,00980A,5274,信驊科技,1.96
2026/4/10,00980A,8299,群聯電子,1.94
2026/4/10,00980A,8210,勤誠興業,1.86
2026/4/10,00980A,3711,日月光投資控股,1.64
2026/4/10,00980A,2891,中國信託金融控股,1.64
2026/4/10,00980A,6805,富世達,1.61
2026/4/10,00980A,3231,緯創資通,1.55
2026/4/10,00980A,2881,富邦金融控股,1.4
2026/4/10,00980A,2884,玉山金融控股,1.4
2026/4/10,00980A,6274,台燿科技,1.4
2026/4/10,00980A,8996,高力熱處理工業,1.34
2026/4/10,00980A,6442,光紅建聖,1.29
2026/4/10,00980A,6584,南俊國際,1.27
2026/4/10,00980A,3036,文曄科技,1.22
2026/4/10,00980A,1519,華城電機,1.12
2026/4/10,00980A,6831,邁科科技,1.05
2026/4/10,00980A,3443,創意電子,1.04
2026/4/10,00980A,3264,欣銓科技,1.02
2026/4/10,00980A,3533,嘉澤端子工業,0.96
2026/4/10,00980A,6510,中華精測科技,0.95
2026/4/10,00980A,5434,崇越科技,0.92
2026/4/10,00980A,1590,亞德客國際集團,0.79
2026/4/10,00980A,3293,鈊象電子,0.77
2026/4/10,00980A,5234,達興材料,0.75
2026/4/10,00980A,3044,健鼎科技,0.74
2026/4/10,00980A,5904,寶雅國際,0.71
2026/4/10,00980A,1477,聚陽實業,0.63
2026/4/10,00980A,2449,京元電子,0.5
2026/4/10,00980A,2548,華固建設,0.47
2026/4/10,00980A,2376,技嘉科技,0.46
2026/4/10,00980A,4915,致伸科技,0.32
2026/4/7,00400A,2330,台積電,8.79
2026/4/7,00400A,2308,台達電,6.15
2026/4/7,00400A,2383,台光電,5.56
2026/4/7,00400A,3037,欣興,4.26
2026/4/7,00400A,2368,金像電,3.62
2026/4/7,00400A,2345,智邦,3.55
2026/4/7,00400A,2454,聯發科,3.23
2026/4/7,00400A,5274,信 驊,3.13
2026/4/7,00400A,3017,奇鋐,3.09
2026/4/7,00400A,6223,旺矽,2.7
2026/4/7,00400A,2360,致茂,2.7
2026/4/7,00400A,3665,貿聯-KY,2.59
2026/4/7,00400A,3653,健策,2.45
2026/4/7,00400A,2344,華邦電,1.77
2026/4/7,00400A,3044,健鼎,1.76
2026/4/7,00400A,2313,華通,1.38
2026/4/7,00400A,3211,順 達,1.29
2026/4/7,00400A,1303,南亞,1.29
2026/4/7,00400A,6669,緯穎,1.28
2026/4/7,00400A,2357,華碩,1.25
2026/4/7,00400A,3081,聯 亞,1.2
2026/4/7,00400A,2059,川湖,1.07
2026/4/7,00400A,3036,文曄,1.04
2026/4/7,00400A,6274,台 燿,1
2026/4/7,00400A,8210,勤 誠,0.95
2026/4/7,00400A,2404,漢唐,0.95
2026/4/7,00400A,2327,國巨,0.94
2026/4/7,00400A,3163,波若威,0.92
2026/4/7,00400A,3443,創意,0.92
2026/4/7,00400A,6488,環球晶,0.92
2026/4/7,00400A,3529,力旺,0.91
2026/4/7,00400A,2891,中信金,0.91
2026/4/7,00400A,6442,光聖,0.9
2026/4/7,00400A,6805,富世達,0.87
2026/4/7,00400A,2379,瑞昱,0.86
2026/4/7,00400A,2382,廣達,0.86
2026/4/7,00400A,3293,鈊 象,0.85
2026/4/7,00400A,5434,崇越,0.72
2026/4/7,00400A,2881,富邦金,0.65
2026/4/7,00400A,2885,元大金,0.61
2026/4/7,00400A,6683,雍智科技,0.46
2026/4/7,00400A,3374,精 材,0.42
2026/4/7,00400A,6121,新 普,0.22
2026/4/7,00400A,6715,嘉 基,0.21
2026/4/8,00400A,2330,台積電,8.75
2026/4/8,00400A,2308,台達電,6.42
2026/4/8,00400A,2383,台光電,5.8
2026/4/8,00400A,3037,欣興,4.45
2026/4/8,00400A,2368,金像電,3.7
2026/4/8,00400A,2345,智邦,3.57
2026/4/8,00400A,2454,聯發科,3.3
2026/4/8,00400A,5274,信 驊,3.27
2026/4/8,00400A,3017,奇鋐,3.22
2026/4/8,00400A,6223,旺矽,2.82
2026/4/8,00400A,2360,致茂,2.81
2026/4/8,00400A,3665,貿聯-KY,2.49
2026/4/8,00400A,3653,健策,2.48
2026/4/8,00400A,2344,華邦電,1.8
2026/4/8,00400A,3044,健鼎,1.73
2026/4/8,00400A,2313,華通,1.31
2026/4/8,00400A,3211,順 達,1.3
2026/4/8,00400A,1303,南亞,1.29
2026/4/8,00400A,6669,緯穎,1.28
2026/4/8,00400A,2357,華碩,1.21
2026/4/8,00400A,3081,聯 亞,1.16
2026/4/8,00400A,2059,川湖,1.07
2026/4/8,00400A,3036,文曄,1.02
2026/4/8,00400A,6274,台 燿,1
2026/4/8,00400A,8210,勤 誠,0.98
2026/4/8,00400A,3163,波若威,0.96
2026/4/8,00400A,2404,漢唐,0.95
2026/4/8,00400A,2327,國巨,0.95
2026/4/8,00400A,3443,創意,0.93
2026/4/8,00400A,6488,環球晶,0.92
2026/4/8,00400A,3529,力旺,0.9
2026/4/8,00400A,6442,光聖,0.88
2026/4/8,00400A,2891,中信金,0.87
2026/4/8,00400A,2382,廣達,0.87
2026/4/8,00400A,6805,富世達,0.84
2026/4/8,00400A,2379,瑞昱,0.83
2026/4/8,00400A,3293,鈊 象,0.8
2026/4/8,00400A,5434,崇越,0.69
2026/4/8,00400A,2881,富邦金,0.62
2026/4/8,00400A,2885,元大金,0.58
2026/4/8,00400A,6683,雍智科技,0.43
2026/4/8,00400A,3374,精 材,0.43
2026/4/8,00400A,6715,嘉 基,0.21
2026/4/8,00400A,6121,新 普,0.21
2026/4/9,00400A,2330,台積電,8.81
2026/4/9,00400A,2308,台達電,6.27
2026/4/9,00400A,2383,台光電,5.94
2026/4/9,00400A,3037,欣興,4.44
2026/4/9,00400A,2368,金像電,4.16
2026/4/9,00400A,2345,智邦,3.86
2026/4/9,00400A,3665,貿聯-KY,3.59
2026/4/9,00400A,5274,信 驊,3.53
2026/4/9,00400A,3017,奇鋐,3.41
2026/4/9,00400A,2454,聯發科,3.25
2026/4/9,00400A,2360,致茂,2.97
2026/4/9,00400A,6223,旺矽,2.89
2026/4/9,00400A,3653,健策,2.75
2026/4/9,00400A,3044,健鼎,2
2026/4/9,00400A,2344,華邦電,1.7
2026/4/9,00400A,2357,華碩,1.6
2026/4/9,00400A,1303,南亞,1.47
2026/4/9,00400A,3163,波若威,1.46
2026/4/9,00400A,2313,華通,1.43
2026/4/9,00400A,6669,緯穎,1.27
2026/4/9,00400A,3211,順 達,1.24
2026/4/9,00400A,2059,川湖,1.24
2026/4/9,00400A,3081,聯 亞,1.18
2026/4/9,00400A,8210,勤 誠,1.14
2026/4/9,00400A,3036,文曄,1.12
2026/4/9,00400A,6274,台 燿,1.09
2026/4/9,00400A,6285,啟 碁,1.02
2026/4/9,00400A,2327,國巨,1.01
2026/4/9,00400A,3443,創意,1.01
2026/4/9,00400A,6488,環球晶,1
2026/4/9,00400A,2382,廣達,0.99
2026/4/9,00400A,3293,鈊 象,0.96
2026/4/9,00400A,2891,中信金,0.95
2026/4/9,00400A,6805,富世達,0.94
2026/4/9,00400A,2404,漢唐,0.94
2026/4/9,00400A,6442,光聖,0.93
2026/4/9,00400A,3529,力旺,0.88
2026/4/9,00400A,2379,瑞昱,0.84
2026/4/9,00400A,2885,元大金,0.7
2026/4/9,00400A,5434,崇越,0.69
2026/4/9,00400A,2881,富邦金,0.68
2026/4/9,00400A,1477,聚 陽,0.49
2026/4/9,00400A,3023,信邦,0.49
2026/4/9,00400A,6683,雍智科技,0.47
2026/4/9,00400A,3374,精 材,0.42
2026/4/9,00400A,2385,群光,0.39
2026/4/9,00400A,8464,億 豐,0.39
2026/4/9,00400A,6121,新 普,0.25
2026/4/9,00400A,6715,嘉 基,0.23
2026/4/9,00400A,1717,長興,0.09
2026/4/10,00400A,2330,台積電,8.62
2026/4/10,00400A,2308,台達電,6.33
2026/4/10,00400A,2383,台光電,6.03
2026/4/10,00400A,3037,欣興,4.79
2026/4/10,00400A,2345,智邦,4.01
2026/4/10,00400A,2368,金像電,3.96
2026/4/10,00400A,3665,貿聯-KY,3.55
2026/4/10,00400A,5274,信 驊,3.38
2026/4/10,00400A,3017,奇鋐,3.31
2026/4/10,00400A,2454,聯發科,3.11
2026/4/10,00400A,6223,旺矽,2.86
2026/4/10,00400A,3653,健策,2.84
2026/4/10,00400A,2360,致茂,2.75
2026/4/10,00400A,2382,廣達,2.44
2026/4/10,00400A,3044,健鼎,1.89
2026/4/10,00400A,2344,華邦電,1.67
2026/4/10,00400A,2357,華碩,1.56
2026/4/10,00400A,3163,波若威,1.44
2026/4/10,00400A,2313,華通,1.39
2026/4/10,00400A,1303,南亞,1.34
2026/4/10,00400A,3081,聯 亞,1.27
2026/4/10,00400A,6669,緯穎,1.23
2026/4/10,00400A,3211,順 達,1.22
2026/4/10,00400A,2059,川湖,1.22
2026/4/10,00400A,8210,勤 誠,1.1
2026/4/10,00400A,3036,文曄,1.08
2026/4/10,00400A,6274,台 燿,1.06
2026/4/10,00400A,6488,環球晶,1.05
2026/4/10,00400A,2327,國巨,0.98
2026/4/10,00400A,6442,光聖,0.98
2026/4/10,00400A,6285,啟 碁,0.97
2026/4/10,00400A,3443,創意,0.97
2026/4/10,00400A,2404,漢唐,0.96
2026/4/10,00400A,3293,鈊 象,0.93
2026/4/10,00400A,6805,富世達,0.92
2026/4/10,00400A,2891,中信金,0.89
2026/4/10,00400A,3529,力旺,0.86
2026/4/10,00400A,2379,瑞昱,0.8
2026/4/10,00400A,5434,崇越,0.72
2026/4/10,00400A,2885,元大金,0.66
2026/4/10,00400A,2881,富邦金,0.64
2026/4/10,00400A,6683,雍智科技,0.48
2026/4/10,00400A,3023,信邦,0.47
2026/4/10,00400A,1477,聚 陽,0.46
2026/4/10,00400A,2027,大成鋼,0.46
2026/4/10,00400A,3374,精 材,0.4
2026/4/10,00400A,8464,億 豐,0.38
2026/4/10,00400A,2385,群光,0.38
2026/4/10,00400A,1717,長興,0.33
2026/4/10,00400A,6121,新 普,0.24
2026/4/10,00400A,6715,嘉 基,0.24
