Date,Open,High,Low,Close
2019/12/12,90.4,94.3,90.4,91.5
2019/12/13,91.5,92.5,88.0,88.4
2019/12/16,88.5,90.4,88.4,90.0
2019/12/17,90.5,91.3,89.2,89.9
2019/12/18,90.3,90.3,89.1,90.0
2019/12/19,90.0,92.7,90.0,91.0
2019/12/20,90.5,91.2,88.5,89.0
2019/12/23,89.6,89.6,88.5,88.5
2019/12/24,88.5,88.9,86.3,86.9
2019/12/25,86.4,87.9,86.4,87.9
2019/12/26,87.4,87.9,86.7,86.8
2019/12/27,87.2,92.3,86.7,90.7
2019/12/30,92.0,92.0,89.2,90.2
2019/12/31,90.0,90.6,89.1,89.3
2020/01/02,89.4,93.5,89.4,92.1
2020/01/03,91.2,91.3,88.6,89.4
2020/01/06,89.0,89.4,87.8,87.8
2020/01/07,88.3,88.3,86.4,86.7
2020/01/08,86.7,87.2,86.5,86.6
2020/01/09,86.5,86.5,85.6,86.2
2020/01/10,87.6,91.3,87.6,90.4
2020/01/13,89.2,90.4,89.1,90.4
2020/01/14,91.0,99.2,90.8,98.2
2020/01/15,96.2,101.2,95.8,99.7
2020/01/16,100.2,106.1,98.7,103.1
2020/01/17,103.6,109.0,101.7,106.6
2020/01/20,106.1,107.1,101.7,105.1
2020/01/30,94.7,97.9,94.6,94.6
2020/01/31,93.3,97.4,91.5,95.3
2020/02/03,91.9,95.0,89.2,93.3
2020/02/04,93.8,95.8,93.8,94.2
2020/02/05,93.8,94.6,92.6,92.9
2020/02/06,92.8,96.1,92.8,94.3
2020/02/07,96.2,103.6,95.3,101.7
2020/02/10,98.7,101.7,98.2,101.2
2020/02/11,102.1,107.5,101.2,106.1
2020/02/12,107.1,107.1,103.6,104.1
2020/02/13,102.1,103.6,100.7,101.7
2020/02/14,102.6,111.5,101.7,111.5
2020/02/17,107.1,112.9,105.1,111.5
2020/02/18,109.0,112.0,106.1,106.6
2020/02/19,107.1,115.9,107.1,114.4
2020/02/20,113.9,116.9,111.5,114.4
2020/02/21,114.4,114.9,111.0,112.5
2020/02/24,109.0,110.5,107.5,107.5
2020/02/25,104.1,111.5,104.1,109.0
2020/02/26,107.1,109.5,105.1,106.6
2020/02/27,108.0,108.0,98.2,101.2
2020/03/02,95.7,102.6,95.6,100.2
2020/03/03,102.6,103.1,98.7,101.7
2020/03/04,101.2,101.7,97.9,98.2
2020/03/05,100.7,103.1,99.2,101.2
2020/03/06,99.7,100.7,98.7,99.7
2020/03/09,97.5,99.2,90.4,90.4
2020/03/10,87.9,90.1,87.1,89.9
2020/03/11,90.7,91.9,88.5,88.6
2020/03/12,86.4,86.4,79.7,79.9
2020/03/13,72.0,79.5,72.0,79.5
2020/03/16,77.6,78.5,71.7,71.8
2020/03/17,66.3,72.3,65.8,69.7
2020/03/18,70.8,71.7,66.0,68.7
2020/03/19,65.8,65.9,61.9,61.9
2020/03/20,63.8,68.1,63.8,68.1
2020/03/23,64.3,67.8,62.8,65.8
2020/03/24,67.9,71.6,67.2,70.6
2020/03/25,73.2,76.4,71.9,72.5
2020/03/26,72.5,74.2,69.4,72.2
2020/03/27,73.7,74.2,70.5,72.5
2020/03/30,69.3,73.2,68.7,73.2
2020/03/31,73.6,74.6,72.4,73.7
2020/04/01,72.2,73.9,72.2,73.7
2020/04/06,74.9,81.0,74.1,81.0
2020/04/07,83.5,86.1,82.0,84.7
2020/04/08,84.0,86.3,82.9,86.3
2020/04/09,86.2,88.1,85.0,86.2
2020/04/10,86.2,86.2,84.5,86.0
2020/04/13,84.5,86.2,84.0,84.4
2020/04/14,84.4,89.0,84.4,88.4
2020/04/15,89.4,89.4,87.3,88.5
2020/04/16,87.4,88.6,86.6,87.9
2020/04/17,89.4,90.9,86.9,87.4
2020/04/20,88.3,88.3,85.9,87.0
2020/04/21,86.6,87.0,84.0,84.0
2020/04/22,83.2,86.0,81.2,85.9
2020/04/23,87.3,87.3,85.9,86.9
2020/04/24,86.9,86.9,85.9,86.2
2020/04/27,88.1,90.0,88.1,88.9
2020/04/28,89.4,89.9,88.8,89.4
2020/04/29,90.7,91.7,89.1,91.5
2020/04/30,91.7,94.2,91.6,93.0
2020/05/04,90.4,93.0,90.4,92.8
2020/05/05,92.8,93.9,92.2,92.5
2020/05/06,92.8,94.3,92.8,93.3
2020/05/07,94.3,101.2,93.8,98.2
2020/05/08,98.2,100.7,97.7,98.1
2020/05/11,99.2,101.2,97.2,98.7
2020/05/12,98.0,103.6,97.4,102.6
2020/05/13,102.1,102.1,97.8,98.7
2020/05/14,96.8,103.1,96.8,98.7
2020/05/15,98.7,101.7,97.4,100.2
2020/05/18,101.2,104.6,100.2,100.2
2020/05/19,103.1,103.6,101.2,101.7
2020/05/20,101.7,108.5,101.2,108.0
2020/05/21,112.0,118.8,110.0,118.8
2020/05/22,120.3,121.8,112.9,114.9
2020/05/25,115.9,119.3,112.5,118.8
2020/05/26,119.8,126.2,116.4,121.3
2020/05/27,121.3,122.8,118.8,119.8
2020/05/28,119.8,119.8,108.5,111.5
2020/05/29,111.0,115.9,110.5,115.4
2020/06/01,115.9,115.9,112.9,114.4
2020/06/02,115.4,115.4,112.0,112.5
2020/06/03,113.4,114.4,112.0,113.4
2020/06/04,113.9,120.8,113.9,120.8
2020/06/05,124.2,132.6,119.3,132.6
2020/06/08,132.1,142.4,128.2,137.5
2020/06/09,137.0,142.4,135.5,137.5
2020/06/10,138.0,141.9,133.6,138.0
2020/06/11,139.5,139.5,129.2,135.0
2020/06/12,132.6,133.6,126.7,133.1
2020/06/15,132.1,133.6,129.2,129.6
2020/06/16,131.1,133.6,129.6,132.6
2020/06/17,135.5,136.0,131.1,131.1
2020/06/18,130.1,141.9,129.6,141.4
2020/06/19,142.9,145.8,140.0,141.9
2020/06/22,140.9,147.3,140.9,142.4
2020/06/23,144.4,145.4,140.4,141.9
2020/06/24,142.9,148.3,141.9,144.4
2020/06/29,142.4,144.4,138.0,138.5
2020/06/30,139.0,140.9,136.5,140.9
2020/07/01,142.4,145.8,138.5,140.4
2020/07/02,140.9,143.4,138.5,139.0
2020/07/03,140.9,152.7,140.4,143.9
2020/07/06,145.8,158.1,145.4,158.1
2020/07/07,162.5,167.0,153.7,156.2
2020/07/08,160.1,171.4,158.6,171.4
2020/07/09,166.0,170.9,160.6,170.4
2020/07/10,168.9,168.9,154.2,158.1
2020/07/13,159.1,162.1,156.2,159.1
2020/07/14,159.1,167.9,158.1,158.6
2020/07/15,161.1,162.1,153.7,153.7
2020/07/16,153.7,156.7,150.3,150.3
2020/07/17,151.7,153.2,146.3,147.3
2020/07/20,149.3,149.3,138.0,144.4
2020/07/21,147.3,155.2,145.8,148.3
2020/07/22,148.3,149.3,144.4,149.3
2020/07/23,147.8,149.3,144.9,145.4
2020/07/24,146.8,152.2,145.4,145.4
2020/07/27,147.3,148.8,141.9,145.4
2020/07/28,143.4,146.3,137.0,138.0
2020/07/29,140.4,146.3,139.0,144.4
2020/07/30,147.3,147.3,142.9,142.9
2020/07/31,142.9,143.9,139.5,141.9
2020/08/03,141.9,141.9,137.5,137.5
2020/08/04,139.0,143.4,137.5,141.4
2020/08/05,143.9,146.3,140.9,143.9
2020/08/06,145.8,146.3,140.0,140.0
2020/08/07,140.9,142.4,139.5,140.0
2020/08/10,139.0,140.0,131.1,133.1
2020/08/11,129.6,133.1,126.2,131.6
2020/08/12,137.0,137.0,128.7,132.6
2020/08/13,138.0,139.0,131.1,136.0
2020/08/14,138.5,138.5,133.6,135.5
2020/08/17,138.0,138.0,133.6,135.5
2020/08/18,137.5,137.5,130.1,130.1
2020/08/19,133.1,142.4,129.6,134.1
2020/08/20,133.6,134.6,122.8,126.7
2020/08/21,131.6,136.5,128.7,134.6
2020/08/24,136.0,144.4,136.0,142.4
2020/08/25,141.4,144.4,139.5,140.4
2020/08/26,143.4,146.3,139.5,140.4
2020/08/27,140.4,143.4,140.4,140.9
2020/08/28,141.4,145.4,137.0,139.5
2020/08/31,140.9,140.9,135.5,135.5
2020/09/01,139.5,139.5,133.1,134.1
2020/09/02,135.5,137.0,134.1,135.5
2020/09/03,137.5,138.5,135.5,136.5
2020/09/04,136.0,136.0,132.6,135.0
2020/09/07,135.5,135.5,130.6,131.1
2020/09/08,134.1,134.1,130.1,130.6
2020/09/09,132.1,134.6,128.7,133.1
2020/09/10,134.6,140.4,131.6,136.0
2020/09/11,136.5,136.5,131.1,131.6
2020/09/14,134.6,136.0,129.6,133.1
2020/09/15,131.1,134.6,131.1,134.1
2020/09/16,134.1,136.0,133.6,135.5
2020/09/17,135.5,140.4,135.5,136.0
2020/09/18,135.5,136.5,134.1,134.6
2020/09/21,132.6,133.6,130.6,131.1
2020/09/22,130.6,131.1,127.7,131.1
2020/09/23,131.1,132.1,129.2,130.1
2020/09/24,128.2,129.6,123.3,124.2
2020/09/25,124.7,127.7,121.3,123.3
2020/09/28,129.2,129.2,124.7,127.2
2020/09/29,127.7,129.6,126.2,127.7
2020/09/30,125.7,130.1,125.7,129.6
2020/10/05,128.2,132.6,128.2,132.1
2020/10/06,133.1,134.1,131.6,132.1
2020/10/07,131.6,133.1,131.6,131.6
2020/10/08,132.1,136.5,132.1,134.1
2020/10/12,135.5,135.5,133.1,133.6
2020/10/13,132.6,133.6,131.6,132.1
2020/10/14,134.6,139.5,133.1,137.0
2020/10/15,137.0,139.5,136.0,136.5
2020/10/16,135.5,138.5,130.6,130.6
2020/10/19,131.1,133.1,131.1,131.1
2020/10/20,132.6,133.1,132.1,132.6
2020/10/21,133.1,133.6,131.1,132.6
2020/10/22,132.6,132.6,129.6,130.6
2020/10/23,130.1,132.6,130.1,131.6
2020/10/26,133.6,133.6,130.6,131.1
2020/10/27,131.6,131.6,128.2,129.6
2020/10/28,129.2,129.6,127.2,127.7
2020/10/29,125.7,127.7,125.2,126.2
2020/10/30,127.7,127.7,124.2,124.2
2020/11/02,124.7,124.7,119.3,119.8
2020/11/03,120.3,123.7,120.3,122.3
2020/11/04,121.8,121.8,119.8,120.8
2020/11/05,123.3,123.3,119.8,120.3
2020/11/06,121.3,122.8,120.8,121.8
2020/11/09,121.8,123.7,121.3,122.3
2020/11/10,122.8,122.8,119.3,120.8
2020/11/11,120.3,120.3,117.4,118.8
2020/11/12,117.9,118.3,115.9,118.3
2020/11/13,117.9,119.3,115.9,119.3
2020/11/16,121.3,121.3,120.8,121.3
2020/11/17,123.3,123.7,122.3,123.7
2020/11/18,125.7,126.2,123.7,125.7
2020/11/19,127.7,127.7,124.7,125.7
2020/11/20,126.2,126.7,125.7,125.7
2020/11/23,126.2,126.2,124.7,125.7
2020/11/24,128.7,129.6,127.2,129.6
2020/11/25,130.1,132.6,128.2,128.7
2020/11/26,130.6,130.6,127.2,128.2
2020/11/27,127.7,128.7,127.2,127.2
2020/11/30,127.2,127.2,125.2,126.2
2020/12/01,125.2,128.7,124.7,128.7
2020/12/02,128.7,131.1,127.7,130.1
2020/12/03,129.6,132.1,128.7,130.6
2020/12/04,131.6,131.6,129.2,130.6
2020/12/07,132.1,132.1,125.7,130.1
2020/12/08,130.6,130.6,127.7,129.2
2020/12/09,129.2,134.1,129.2,130.1
2020/12/10,130.1,130.6,127.2,127.2
2020/12/11,127.2,128.7,123.7,128.7
2020/12/14,128.7,131.6,125.7,129.2
2020/12/15,130.6,130.6,125.7,125.7
2020/12/16,128.2,129.2,127.2,127.7
2020/12/17,129.6,129.6,127.2,127.7
2020/12/18,128.7,128.7,126.7,126.7
2020/12/21,127.2,127.2,124.7,125.7
2020/12/22,126.2,126.7,124.7,124.7
2020/12/23,124.7,125.7,124.7,125.7
2020/12/24,127.2,127.2,124.7,125.7
2020/12/25,127.7,127.7,124.7,124.7
2020/12/28,125.2,125.2,123.7,124.7
2020/12/29,123.7,125.2,122.3,122.8
2020/12/30,122.8,123.7,121.8,123.7
2020/12/31,126.7,126.7,123.7,125.2
2021/01/04,123.7,125.7,123.7,125.2
2021/01/05,124.2,124.2,123.3,123.7
2021/01/06,122.8,124.7,120.8,122.8
2021/01/07,122.8,124.7,121.8,123.7
2021/01/08,123.7,125.2,123.3,125.2
2021/01/11,125.7,125.7,124.2,125.7
2021/01/12,126.7,126.7,123.7,123.7
2021/01/13,124.2,124.7,123.7,123.7
2021/01/14,123.7,125.2,123.3,123.7
2021/01/15,124.7,124.7,122.8,123.3
2021/01/18,123.3,123.3,120.8,122.3
2021/01/19,122.3,123.7,121.3,121.3
2021/01/20,122.8,122.8,118.8,118.8
2021/01/21,120.3,120.8,118.8,119.3
2021/01/22,117.9,120.3,117.9,118.3
2021/01/25,117.9,118.8,113.9,116.9
2021/01/26,116.9,119.8,116.9,118.8
2021/01/27,118.3,119.8,117.9,117.9
2021/01/28,117.4,118.8,115.4,116.9
2021/01/29,117.4,117.9,113.9,114.9
2021/02/01,115.4,116.4,113.4,114.9
2021/02/02,114.9,115.4,112.9,112.9
2021/02/03,112.9,112.9,111.5,112.9
2021/02/04,117.4,123.3,114.9,123.3
2021/02/05,123.3,124.7,120.8,123.3
2021/02/17,124.2,125.2,121.3,121.8
2021/02/18,121.3,121.8,117.9,120.8
2021/02/19,118.8,120.3,117.4,120.3
2021/02/22,120.3,123.7,120.3,122.8
2021/02/23,122.8,123.3,121.3,123.3
2021/02/24,123.3,129.6,123.3,126.2
2021/02/25,129.2,129.2,125.2,126.2
2021/02/26,125.7,125.7,123.7,124.2
2021/03/02,124.7,126.7,123.3,123.3
2021/03/03,125.7,125.7,118.8,125.7
2021/03/04,124.7,124.7,123.7,124.7
2021/03/05,124.7,125.7,122.3,124.2
2021/03/08,125.2,126.2,122.3,126.2
2021/03/09,126.2,126.7,124.2,125.7
2021/03/10,126.7,126.7,123.7,125.2
2021/03/11,125.7,126.7,125.2,125.2
2021/03/12,126.7,126.7,124.7,124.7
2021/03/15,124.7,126.2,123.7,125.7
2021/03/16,124.7,125.7,124.2,125.7
2021/03/17,124.2,125.2,123.7,125.2
2021/03/18,126.2,126.2,123.7,124.2
2021/03/19,124.2,124.2,121.3,122.3
2021/03/22,122.3,124.7,121.8,123.7
2021/03/23,123.3,123.7,122.3,123.3
2021/03/24,122.8,124.7,122.8,124.7
2021/03/25,125.2,126.7,124.7,126.2
2021/03/26,126.7,128.2,126.2,128.2
2021/03/29,129.2,129.2,127.7,128.2
2021/03/30,126.7,128.2,125.7,127.7
2021/03/31,126.7,128.2,126.2,126.7
2021/04/01,128.7,129.6,125.7,126.7
2021/04/06,128.2,128.2,125.7,126.2
2021/04/07,125.7,125.7,123.7,125.7
2021/04/08,126.7,126.7,122.8,125.2
2021/04/09,125.2,125.2,122.3,122.3
2021/04/12,120.8,122.3,117.9,118.8
2021/04/13,120.8,120.8,117.4,119.3
2021/04/14,117.9,119.3,115.9,119.3
2021/04/15,117.9,120.3,116.9,118.8
2021/04/16,118.3,118.3,116.9,117.9
2021/04/19,116.9,117.9,116.4,116.9
2021/04/20,118.3,118.3,115.9,115.9
2021/04/21,115.9,117.4,114.4,117.4
2021/04/22,117.4,117.4,115.4,116.9
2021/04/23,114.9,117.9,114.4,116.4
2021/04/26,118.3,118.3,115.9,116.9
2021/04/27,118.8,118.8,115.9,116.9
2021/04/28,116.9,116.9,113.9,113.9
2021/04/29,114.4,116.4,114.4,114.4
2021/05/03,116.9,116.9,109.0,112.9
2021/05/04,114.9,114.9,107.5,114.4
2021/05/05,114.4,114.4,112.0,114.4
2021/05/06,113.9,113.9,111.5,112.9
2021/05/07,112.5,112.5,110.5,112.5
2021/05/10,112.5,114.4,112.5,114.4
2021/05/11,114.9,114.9,108.5,111.0
2021/05/12,114.9,114.9,100.2,108.0
2021/05/13,103.1,105.1,101.2,101.2
2021/05/14,99.7,108.5,98.2,104.1
2021/05/17,104.1,104.1,98.2,101.7
2021/05/18,102.1,103.6,98.7,103.6
2021/05/19,104.1,107.1,102.6,105.6
2021/05/20,106.6,106.6,103.6,106.1
2021/05/21,106.6,107.5,106.1,106.1
2021/05/24,104.1,106.1,104.1,106.1
2021/05/25,108.0,108.0,103.6,106.6
2021/05/26,105.1,106.1,105.1,106.1
2021/05/27,105.1,106.1,104.6,104.6
2021/05/28,105.1,107.1,105.1,106.1
2021/05/31,106.1,106.1,104.1,105.6
2021/06/01,105.6,105.6,104.1,105.6
2021/06/02,106.1,106.1,103.1,104.6
2021/06/03,104.1,105.6,103.6,105.6
2021/06/04,104.6,105.6,104.1,104.1
2021/06/07,104.1,109.5,104.1,109.5
2021/06/08,109.5,119.8,109.5,115.9
2021/06/09,112.0,114.9,108.0,110.0
2021/06/10,112.5,112.9,109.5,112.9
2021/06/11,112.9,113.4,107.5,110.0
2021/06/15,111.0,111.0,108.0,110.0
2021/06/16,113.4,113.4,108.5,109.0
2021/06/17,110.5,111.5,109.0,111.5
2021/06/18,111.5,112.5,111.5,112.5
2021/06/21,111.0,113.4,111.0,113.4
2021/06/22,112.5,113.9,112.0,112.9
2021/06/23,112.0,113.9,112.0,112.9
2021/06/24,112.9,113.9,110.5,113.9
2021/06/25,113.9,115.4,112.5,115.4
2021/06/28,116.4,116.9,112.5,114.4
2021/06/29,113.4,113.4,109.0,112.0
2021/06/30,112.0,112.0,110.5,111.5
2021/07/01,112.5,112.5,109.5,112.5
2021/07/02,112.5,112.5,108.0,112.5
2021/07/05,112.5,113.9,110.0,112.9
2021/07/06,112.9,112.9,110.0,111.0
2021/07/07,111.5,111.5,107.5,110.0
2021/07/08,110.0,110.0,105.1,110.0
2021/07/09,108.0,110.0,108.0,109.0
2021/07/12,109.0,112.9,105.1,112.5
2021/07/13,112.5,114.4,108.5,109.5
2021/07/14,109.5,116.9,107.5,115.4
2021/07/15,112.9,126.7,112.9,125.2
2021/07/16,122.8,131.6,120.8,125.2
2021/07/19,126.2,132.6,122.3,127.7
2021/07/20,127.2,131.6,125.7,127.7
2021/07/21,127.7,129.6,123.7,127.2
2021/07/22,128.7,130.1,124.7,127.7
2021/07/23,127.7,130.1,125.2,126.2
2021/07/26,125.7,126.7,121.8,121.8
2021/07/27,122.3,122.3,113.4,119.3
2021/07/28,117.9,117.9,110.0,115.4
2021/07/29,113.9,117.9,113.9,116.4
2021/07/30,116.4,117.9,114.4,114.9
2021/08/02,115.9,120.8,114.9,120.8
2021/08/03,119.3,123.3,119.3,122.8
2021/08/04,122.3,122.8,120.8,121.8
2021/08/05,125.7,125.7,122.8,123.3
2021/08/06,124.7,124.7,119.8,121.3
2021/08/09,121.3,121.3,113.9,115.9
2021/08/10,115.9,117.4,112.9,116.9
2021/08/11,116.9,120.8,113.9,113.9
2021/08/12,113.4,119.8,112.0,117.9
2021/08/13,116.9,118.3,115.9,116.9
2021/08/16,114.9,118.3,112.9,114.9
2021/08/17,114.9,118.3,113.9,116.9
2021/08/18,114.4,114.4,110.5,114.4
2021/08/19,112.5,112.9,110.0,111.5
2021/08/20,112.9,114.9,111.5,112.0
2021/08/23,113.4,114.9,110.0,112.9
2021/08/24,112.0,114.4,112.0,114.4
2021/08/25,112.0,113.4,112.0,113.4
2021/08/26,113.4,113.4,112.9,113.4
2021/08/27,113.4,113.9,112.9,113.4
2021/08/30,113.4,113.4,112.9,112.9
2021/08/31,113.4,113.4,111.5,112.0
2021/09/01,112.5,112.5,111.5,112.5
2021/09/02,113.4,113.4,110.0,110.5
2021/09/03,111.5,111.5,109.0,111.0
2021/09/06,111.0,111.0,109.5,110.5
2021/09/07,111.0,111.0,107.5,107.5
2021/09/08,106.6,110.0,105.1,110.0
2021/09/09,110.0,112.0,110.0,112.0
2021/09/10,111.0,113.4,109.0,113.4
2021/09/13,114.9,116.9,112.9,116.9
2021/09/14,116.9,117.9,114.4,114.4
2021/09/15,113.4,117.4,111.0,117.4
2021/09/16,117.4,119.8,115.4,115.9
2021/09/17,115.9,118.3,113.9,117.9
2021/09/22,115.4,116.9,114.4,115.9
2021/09/23,115.4,123.7,113.9,118.8
2021/09/24,119.3,119.3,117.9,119.3
2021/09/27,117.9,119.8,116.9,119.8
2021/09/28,117.4,117.4,116.9,117.4
2021/09/29,116.4,116.4,113.4,113.9
2021/09/30,113.9,114.9,113.9,114.9
2021/10/01,112.9,116.4,110.5,113.4
2021/10/04,112.0,112.0,111.5,112.0
2021/10/05,110.0,114.4,109.5,114.4
2021/10/06,114.4,114.4,112.0,113.4
2021/10/07,112.9,114.9,112.9,114.9
2021/10/08,115.4,117.9,113.9,115.4
2021/10/12,116.4,117.4,115.9,115.9
2021/10/13,116.9,119.3,114.4,116.9
2021/10/14,116.9,118.8,113.9,115.9
2021/10/15,116.4,119.3,115.9,116.9
2021/10/18,119.3,119.3,117.9,118.8
2021/10/19,118.3,120.3,118.3,119.8
2021/10/20,118.3,120.3,118.3,119.8
2021/10/21,121.3,126.7,120.3,120.3
2021/10/22,119.3,119.3,117.4,117.4
2021/10/25,120.8,120.8,117.9,120.3
2021/10/26,120.3,121.8,119.8,120.8
2021/10/27,119.8,121.8,117.9,121.8
2021/10/28,121.8,121.8,119.8,121.8
2021/10/29,120.3,122.8,117.9,117.9
2021/11/01,118.3,118.8,116.9,118.8
2021/11/02,119.8,119.8,116.4,117.9
2021/11/03,116.9,118.3,115.9,117.4
2021/11/04,116.4,120.8,116.4,118.8
2021/11/05,118.8,118.8,117.4,118.3
2021/11/08,118.3,119.8,115.9,119.8
2021/11/09,120.8,120.8,118.8,119.8
2021/11/10,120.3,120.8,119.3,119.8
2021/11/11,118.3,118.3,116.4,117.9
2021/11/12,116.9,117.9,115.9,115.9
2021/11/15,117.9,117.9,115.9,117.4
2021/11/16,116.9,117.4,115.4,117.4
2021/11/17,116.4,117.4,115.9,115.9
2021/11/18,116.9,116.9,113.9,113.9
2021/11/19,114.4,116.4,113.9,115.4
2021/11/22,115.9,115.9,112.0,114.4
2021/11/23,115.9,115.9,111.0,112.9
2021/11/24,112.9,113.4,112.0,112.9
2021/11/25,112.9,112.9,112.0,112.5
2021/11/26,112.9,112.9,110.0,110.0
2021/11/29,108.0,111.0,108.0,111.0
2021/11/30,111.0,111.5,110.0,111.0
2021/12/01,111.0,111.0,111.0,111.0
2021/12/02,109.5,109.5,107.5,108.0
2021/12/03,110.0,110.0,108.0,109.0
2021/12/06,110.5,110.5,108.0,108.5
2021/12/07,108.5,109.0,108.0,108.5
2021/12/08,110.0,112.9,110.0,111.0
2021/12/09,112.5,112.9,111.5,112.9
2021/12/10,113.4,113.9,112.9,113.9
2021/12/13,113.9,113.9,112.5,113.4
2021/12/14,112.9,114.4,112.5,113.4
2021/12/15,113.4,114.9,113.4,114.4
2021/12/16,114.4,114.9,113.4,114.9
2021/12/17,113.4,114.4,112.0,112.9
2021/12/20,112.9,114.4,112.5,114.4
2021/12/21,113.4,115.9,113.4,115.9
2021/12/22,117.9,121.3,116.9,119.3
2021/12/23,119.3,119.3,117.9,118.3
2021/12/24,121.8,122.3,118.3,119.8
2021/12/27,118.8,119.8,117.9,117.9
2021/12/28,117.9,120.8,117.9,118.8
2021/12/29,119.8,120.8,118.3,120.8
2021/12/30,120.3,121.3,119.3,120.8
2022/01/03,122.8,122.8,121.3,121.8
2022/01/04,122.8,123.3,121.3,122.8
2022/01/05,123.7,123.7,121.8,122.3
2022/01/06,120.8,121.8,119.8,120.8
2022/01/07,120.8,120.8,115.9,115.9
2022/01/10,117.4,117.4,114.4,115.9
2022/01/11,116.9,117.4,115.4,116.9
2022/01/12,114.9,116.4,114.9,116.4
2022/01/13,117.4,117.4,116.4,117.4
2022/01/14,117.4,121.3,117.4,120.8
2022/01/17,119.8,121.3,119.3,120.3
2022/01/18,119.8,122.8,119.8,121.8
2022/01/19,120.8,120.8,120.3,120.8
2022/01/20,120.3,120.3,118.8,120.3
2022/01/21,118.8,120.3,117.9,117.9
2022/01/24,117.9,117.9,115.4,116.9
2022/01/25,117.9,117.9,114.9,115.9
2022/01/26,114.9,118.9,114.9,118.9
2022/02/07,118.9,118.9,116.9,118.9
2022/02/08,118.9,120.9,118.4,118.4
2022/02/09,118.9,119.9,118.4,118.9
2022/02/10,119.9,120.4,118.4,119.4
2022/02/11,116.9,119.4,116.9,119.4
2022/02/14,117.4,117.4,114.9,115.4
2022/02/15,116.4,116.9,115.4,115.9
2022/02/16,115.9,116.9,115.9,116.9
2022/02/17,116.9,116.9,114.9,116.4
2022/02/18,115.9,116.9,115.4,116.9
2022/02/21,115.9,115.9,114.9,115.9
2022/02/22,114.5,114.5,112.0,113.0
2022/02/23,113.0,116.4,113.0,116.4
2022/02/24,116.4,116.4,111.0,113.5
2022/02/25,114.0,114.0,111.0,111.0
2022/03/01,111.0,114.0,111.0,114.0
2022/03/02,114.0,114.0,111.0,114.0
2022/03/03,112.0,112.0,109.5,110.5
2022/03/04,109.5,109.5,105.5,107.0
2022/03/07,106.5,106.5,99.6,101.6
2022/03/08,99.1,101.1,98.1,99.6
2022/03/09,99.6,100.1,98.8,99.6
2022/03/10,101.1,102.6,100.6,102.6
2022/03/11,100.6,100.6,99.1,100.6
2022/03/14,100.1,101.6,98.1,101.6
2022/03/15,100.1,101.1,98.1,101.1
2022/03/16,101.6,102.6,99.1,102.6
2022/03/17,102.6,104.0,102.6,104.0
2022/03/18,102.6,103.6,101.6,103.6
2022/03/21,104.0,104.0,103.1,103.6
2022/03/22,103.6,104.0,101.6,103.6
2022/03/23,104.5,104.5,102.1,102.6
2022/03/24,102.1,102.6,102.1,102.6
2022/03/25,102.6,102.6,100.6,101.1
2022/03/28,100.6,102.1,98.7,102.1
2022/03/29,101.1,102.1,100.6,101.1
2022/03/30,101.6,102.6,101.6,102.1
2022/03/31,101.6,102.1,101.1,101.6
2022/04/01,101.6,102.6,101.1,102.6
2022/04/06,102.1,104.0,101.1,103.1
2022/04/07,103.1,104.0,101.1,102.6
2022/04/08,103.6,103.6,102.6,102.6
2022/04/11,102.6,102.6,100.6,100.6
2022/04/12,100.1,100.6,99.1,100.6
2022/04/13,100.6,102.6,100.1,102.6
2022/04/14,102.6,102.6,100.6,100.6
2022/04/15,99.1,99.1,98.7,98.7
2022/04/18,97.1,99.1,97.1,98.4
2022/04/19,98.4,98.6,97.7,98.1
2022/04/20,98.1,102.6,98.1,102.6
2022/04/21,101.1,102.1,99.1,102.1
2022/04/22,99.6,101.1,99.6,100.6
2022/04/25,101.1,101.1,97.6,100.6
2022/04/26,100.1,101.1,100.1,101.1
2022/04/27,97.1,99.1,97.1,97.2
2022/04/28,98.1,99.6,98.0,99.6
2022/04/29,99.1,101.1,99.1,101.1
2022/05/03,101.1,101.1,99.1,100.6
2022/05/04,99.6,102.1,99.1,102.1
2022/05/05,102.6,102.6,101.1,102.6
2022/05/06,99.6,102.1,99.0,102.1
2022/05/09,100.1,100.6,99.1,99.6
2022/05/10,100.6,100.6,98.7,99.1
2022/05/11,99.6,101.1,99.1,101.1
2022/05/12,101.1,101.1,98.8,99.6
2022/05/13,100.6,108.0,100.6,105.5
2022/05/16,106.0,106.5,103.6,106.0
2022/05/17,106.0,106.5,105.5,106.0
2022/05/18,106.0,109.0,105.5,108.5
2022/05/19,107.5,109.0,105.5,108.0
2022/05/20,109.0,111.0,107.5,109.5
2022/05/23,110.0,110.0,107.0,109.5
2022/05/24,109.5,109.5,105.0,105.0
2022/05/25,106.0,108.5,106.0,106.5
2022/05/26,107.0,108.0,106.0,108.0
2022/05/27,108.0,108.5,106.5,108.0
2022/05/30,108.0,110.5,107.5,110.0
2022/05/31,109.0,110.5,109.0,110.5
2022/06/01,110.5,111.0,110.0,110.5
2022/06/02,111.0,111.5,108.5,111.0
2022/06/06,111.0,111.5,107.0,107.5
2022/06/07,107.5,111.5,107.5,111.5
2022/06/08,112.0,122.4,112.0,122.4
2022/06/09,122.9,130.3,122.4,129.8
2022/06/10,127.3,136.3,126.8,133.8
2022/06/13,132.8,138.2,131.3,132.8
2022/06/14,133.8,136.3,128.8,136.3
2022/06/15,137.2,137.2,131.8,133.3
2022/06/16,136.3,136.3,125.8,126.3
2022/06/17,128.3,131.8,124.9,128.8
2022/06/20,128.3,128.3,122.9,124.9
2022/06/21,126.3,134.8,126.3,134.3
2022/06/22,133.8,136.3,127.3,129.3
2022/06/23,129.8,141.2,129.8,140.2
2022/06/24,139.7,143.7,135.8,143.7
2022/06/27,143.7,146.7,139.2,141.7
2022/06/28,142.7,144.7,139.7,144.2
2022/06/29,142.2,144.7,135.3,141.7
2022/06/30,142.2,142.2,138.2,139.7
2022/07/01,139.7,142.7,134.3,139.2
2022/07/04,137.2,140.2,135.8,138.7
2022/07/05,139.7,143.2,135.8,143.2
2022/07/06,144.2,144.2,138.2,141.2
2022/07/07,142.2,150.6,139.7,145.7
2022/07/08,147.2,158.1,145.7,155.6
2022/07/11,158.1,159.5,152.6,154.6
2022/07/12,157.1,159.5,145.7,148.1
2022/07/13,152.1,158.5,149.6,153.1
2022/07/14,148.6,155.1,148.6,154.1
2022/07/15,156.1,157.6,149.6,150.1
2022/07/18,150.1,153.6,147.6,153.6
2022/07/19,153.1,155.6,152.1,154.6
2022/07/20,156.1,156.1,151.1,153.1
2022/07/21,152.6,161.5,152.1,159.0
2022/07/22,160.0,160.0,151.1,153.1
2022/07/25,152.1,154.1,151.6,153.6
2022/07/26,153.1,153.1,145.2,150.1
2022/07/27,149.6,155.6,149.6,155.6
2022/07/28,156.1,157.6,154.6,155.1
2022/07/29,156.6,163.0,154.1,154.6
2022/08/01,155.1,159.0,153.6,157.6
2022/08/02,154.6,157.1,153.1,154.6
2022/08/03,152.6,154.1,144.2,146.7
2022/08/04,147.6,150.6,144.7,149.1
2022/08/05,151.1,154.6,148.6,153.6
2022/08/08,154.1,158.1,152.1,158.1
2022/08/09,156.1,167.5,156.1,165.5
2022/08/10,163.5,168.5,159.0,161.0
2022/08/11,162.5,164.0,155.1,155.1
2022/08/12,154.6,155.1,150.6,150.6
2022/08/15,149.6,152.6,147.2,150.6
2022/08/16,151.6,152.1,149.6,150.6
2022/08/17,150.6,151.6,145.7,150.1
2022/08/18,150.1,150.6,147.2,149.6
2022/08/19,149.6,149.6,147.6,149.1
2022/08/22,148.6,149.1,144.7,145.2
2022/08/23,145.2,145.2,141.7,144.7
2022/08/24,145.2,147.2,144.7,144.7
2022/08/25,145.7,148.6,145.2,146.7
2022/08/26,147.6,149.1,145.7,145.7
2022/08/29,141.7,142.7,138.7,140.2
2022/08/30,137.2,141.7,137.2,141.2
2022/08/31,140.7,140.7,138.7,140.2
2022/09/01,139.7,140.7,137.2,139.7
2022/09/02,139.7,153.1,139.7,152.1
2022/09/05,152.1,154.1,149.6,152.1
2022/09/06,151.6,154.1,150.1,151.6
2022/09/07,151.6,156.6,150.6,152.6
2022/09/08,153.1,156.6,153.1,155.6
2022/09/12,160.0,160.5,153.6,153.6
2022/09/13,153.6,154.1,151.1,151.1
2022/09/14,147.6,153.1,147.6,151.1
2022/09/15,153.6,153.6,149.1,149.1
2022/09/16,148.1,149.6,146.7,147.6
2022/09/19,147.6,147.6,143.2,147.6
2022/09/20,147.6,148.1,144.2,147.2
2022/09/21,147.2,148.1,145.2,145.2
2022/09/22,146.2,148.1,144.2,145.7
2022/09/23,146.7,152.6,146.7,147.2
2022/09/26,148.1,148.1,139.7,139.7
2022/09/27,139.7,141.7,131.8,140.2
2022/09/28,138.7,138.7,132.3,133.3
2022/09/29,135.8,140.7,135.8,138.7
2022/09/30,136.3,138.7,134.8,138.2
2022/10/03,138.7,138.7,135.8,137.2
2022/10/04,139.2,143.2,139.2,142.2
2022/10/05,144.7,145.7,139.7,140.7
2022/10/06,142.7,144.2,140.2,141.2
2022/10/07,141.2,141.7,139.7,140.2
2022/10/11,134.8,144.7,134.8,135.8
2022/10/12,135.3,137.2,132.3,132.8
2022/10/13,132.8,136.3,124.9,127.8
2022/10/14,129.8,134.3,129.8,132.3
2022/10/17,129.8,131.3,125.8,128.3
2022/10/18,128.8,128.8,123.9,126.8
2022/10/19,127.8,127.8,119.9,122.4
2022/10/20,120.4,120.4,115.9,115.9
2022/10/21,116.4,116.4,110.5,110.5
2022/10/24,114.5,114.5,108.5,111.5
2022/10/25,111.0,111.0,105.0,109.0
2022/10/26,109.0,109.0,101.6,106.0
2022/10/27,105.5,113.0,105.5,112.5
2022/10/28,114.9,114.9,107.0,107.5
2022/10/31,111.0,112.5,109.5,112.5
2022/11/01,111.0,114.5,111.0,113.0
2022/11/02,112.5,117.9,112.5,117.9
2022/11/03,114.0,116.9,114.0,116.4
2022/11/04,116.9,117.9,114.5,116.9
2022/11/07,116.9,118.9,116.4,117.4
2022/11/08,119.4,120.4,117.9,117.9
2022/11/09,119.4,124.4,119.4,122.9
2022/11/10,123.4,123.4,118.9,120.9
2022/11/11,125.4,126.8,117.9,117.9
2022/11/14,119.9,120.9,118.4,119.9
2022/11/15,119.9,120.4,117.9,119.9
2022/11/16,118.9,119.4,116.9,117.4
2022/11/17,118.4,123.4,116.4,121.9
2022/11/18,123.9,133.8,122.9,133.8
2022/11/21,136.7,136.7,129.8,134.3
2022/11/22,134.3,137.2,131.3,132.3
2022/11/23,131.3,137.2,130.8,130.8
2022/11/24,130.8,132.8,128.8,131.3
2022/11/25,130.8,132.3,127.8,127.8
2022/11/28,128.8,129.3,126.8,126.8
2022/11/29,125.8,127.3,125.4,126.8
2022/11/30,125.8,136.7,125.8,135.3
2022/12/01,136.3,140.7,133.8,135.3
2022/12/02,136.3,138.7,133.8,133.8
2022/12/05,133.8,134.3,131.8,132.3
2022/12/06,132.3,134.3,128.8,130.8
2022/12/07,131.8,131.8,127.8,128.3
2022/12/08,128.8,136.7,128.3,136.3
2022/12/09,138.2,139.2,134.3,134.8
2022/12/12,133.8,137.7,132.3,135.3
2022/12/13,138.7,145.7,135.3,136.7
2022/12/14,140.2,150.1,138.7,146.7
2022/12/15,145.2,148.1,140.7,141.7
2022/12/16,140.7,142.2,138.7,139.2
2022/12/19,136.7,138.7,134.8,134.8
2022/12/20,134.3,136.3,128.3,130.8
2022/12/21,131.3,132.3,129.8,130.3
2022/12/22,133.8,134.8,130.3,131.8
2022/12/23,128.8,133.8,128.3,128.8
2022/12/26,131.3,131.3,126.8,127.8
2022/12/27,129.3,131.8,127.3,128.8
2022/12/28,128.3,130.3,121.4,121.9
2022/12/29,121.9,122.9,119.4,122.4
2022/12/30,123.9,124.9,121.9,122.9
2023/01/03,123.4,126.8,120.9,126.3
2023/01/04,124.9,125.8,123.9,123.9
2023/01/05,125.8,125.8,122.4,122.4
2023/01/06,121.4,122.9,121.4,121.9
2023/01/09,122.9,128.8,121.9,126.8
2023/01/10,127.3,127.8,124.4,124.9
2023/01/11,125.4,126.3,124.4,124.9
2023/01/12,125.4,127.8,124.4,124.4
2023/01/13,125.8,126.8,123.4,123.4
2023/01/16,122.9,123.4,118.9,119.9
2023/01/17,120.4,121.9,118.4,119.9
2023/01/30,121.9,128.3,121.4,124.4
2023/01/31,124.9,127.3,123.9,125.4
2023/02/01,125.8,128.8,124.9,128.8
2023/02/02,129.8,132.8,129.3,131.8
2023/02/03,131.8,131.8,126.8,128.8
2023/02/06,128.8,130.8,127.3,129.8
2023/02/07,128.8,131.3,127.8,127.8
2023/02/08,128.8,136.3,127.3,135.8
2023/02/09,134.3,135.3,132.8,133.8
2023/02/10,134.3,134.3,126.8,127.8
2023/02/13,127.3,128.8,126.3,126.8
2023/02/14,127.8,129.3,126.3,126.3
2023/02/15,126.8,129.3,126.3,126.3
2023/02/16,126.8,128.8,126.8,127.3
2023/02/17,128.3,139.7,128.3,139.7
2023/02/20,142.7,150.6,142.2,145.7
2023/02/21,144.2,153.1,142.2,150.6
2023/02/22,151.1,154.6,148.6,151.6
2023/02/23,153.1,153.6,147.2,150.6
2023/02/24,151.1,152.1,145.2,145.7
2023/03/01,144.2,147.6,143.2,147.2
2023/03/02,147.6,150.6,146.7,146.7
2023/03/03,149.1,149.1,146.2,148.1
2023/03/06,149.6,151.6,146.7,148.1
2023/03/07,149.6,150.1,147.6,148.6
2023/03/08,147.6,149.6,145.2,149.1
2023/03/09,154.6,157.6,145.7,146.2
2023/03/10,146.7,146.7,134.8,135.3
2023/03/13,135.3,135.3,127.8,132.3
2023/03/14,130.8,131.8,128.8,130.3
2023/03/15,133.3,136.3,131.3,131.8
2023/03/16,130.3,133.8,129.3,130.3
2023/03/17,133.3,143.2,132.8,143.2
2023/03/20,146.7,155.1,146.7,153.6
2023/03/21,156.1,161.5,154.6,156.6
2023/03/22,167.0,171.9,166.0,171.9
2023/03/23,172.9,173.9,163.5,166.5
2023/03/24,166.5,166.5,161.5,163.5
2023/03/27,164.0,165.5,160.5,161.0
2023/03/28,161.5,164.5,156.1,164.0
2023/03/29,161.0,165.0,159.0,160.0
2023/03/30,162.0,172.4,162.0,167.5
2023/03/31,167.0,167.5,162.5,164.0
2023/04/06,164.5,164.5,159.0,162.0
2023/04/07,163.5,169.5,160.5,166.5
2023/04/10,168.5,168.5,163.5,165.0
2023/04/11,165.5,168.5,164.0,165.0
2023/04/12,164.0,164.5,160.5,160.5
2023/04/13,160.5,164.0,159.0,160.0
2023/04/14,161.0,162.0,159.0,159.5
2023/04/17,159.5,161.0,156.6,159.0
2023/04/18,160.5,167.5,159.0,163.5
2023/04/19,163.0,165.5,157.6,158.1
2023/04/20,158.5,158.5,149.1,150.1
2023/04/21,150.1,151.6,144.7,144.7
2023/04/24,144.2,148.6,144.2,146.2
2023/04/25,147.6,148.6,138.7,139.7
2023/04/26,139.2,140.7,136.7,139.7
2023/04/27,139.2,140.2,135.8,138.7
2023/04/28,141.7,144.2,141.7,141.7
2023/05/02,143.7,144.7,142.2,143.7
2023/05/03,143.7,143.7,139.7,140.2
2023/05/04,139.7,140.7,138.7,139.7
2023/05/05,139.2,143.7,139.2,143.7
2023/05/08,144.2,144.7,140.2,140.2
2023/05/09,140.2,140.7,137.2,138.7
2023/05/10,138.7,139.7,136.7,138.7
2023/05/11,138.2,138.7,133.8,134.3
2023/05/12,134.3,136.7,134.3,136.3
2023/05/15,135.3,135.3,131.3,133.3
2023/05/16,134.3,135.3,134.3,134.8
2023/05/17,134.3,139.2,134.3,139.2
2023/05/18,140.7,148.6,138.7,146.7
2023/05/19,146.7,148.1,141.7,141.7
2023/05/22,142.2,143.7,140.7,143.7
2023/05/23,144.2,144.2,141.7,141.7
2023/05/24,141.7,144.2,139.7,141.7
2023/05/25,142.7,143.7,140.7,141.7
2023/05/26,144.2,145.7,140.2,140.2
2023/05/29,142.2,145.7,141.2,144.2
2023/05/30,145.7,148.6,142.7,146.2
2023/05/31,144.7,146.7,141.7,142.2
2023/06/01,141.7,142.2,138.7,140.7
2023/06/02,141.2,143.7,141.2,143.2
2023/06/05,144.2,144.2,141.2,141.2
2023/06/06,142.2,142.2,139.7,141.7
2023/06/07,142.7,143.7,141.2,141.7
2023/06/08,141.2,141.7,138.7,138.7
2023/06/09,134.8,136.7,132.3,135.3
2023/06/12,136.7,136.7,133.8,134.8
2023/06/13,135.3,136.7,135.3,135.8
2023/06/14,134.3,134.8,132.8,132.8
2023/06/15,132.8,136.3,131.3,135.8
2023/06/16,135.3,138.7,133.8,136.3
2023/06/19,136.3,138.2,134.8,136.3
2023/06/20,135.8,136.7,134.8,136.7
2023/06/21,135.8,135.8,133.3,133.8
2023/06/26,134.3,134.3,132.8,133.3
2023/06/27,132.8,135.8,132.8,134.3
2023/06/28,134.3,135.3,133.8,134.3
2023/06/29,133.8,137.2,133.8,137.2
2023/06/30,136.3,137.2,136.3,136.3
2023/07/03,137.2,140.2,137.2,138.2
2023/07/04,138.2,139.7,136.7,139.2
2023/07/05,139.2,144.7,137.7,142.7
2023/07/06,142.7,142.7,137.2,137.7
2023/07/07,136.7,137.7,132.8,134.8
2023/07/10,134.8,134.8,130.8,130.8
2023/07/11,131.3,132.3,127.8,128.8
2023/07/12,128.8,128.8,125.4,126.3
2023/07/13,126.3,132.3,126.3,131.8
2023/07/14,132.8,133.3,130.3,130.8
2023/07/17,132.3,132.8,129.3,132.8
2023/07/18,127.8,130.3,124.9,128.8
2023/07/19,129.3,129.3,125.8,125.8
2023/07/20,126.3,127.3,125.4,125.4
2023/07/21,124.9,124.9,123.4,123.9
2023/07/24,123.9,123.9,118.9,118.9
2023/07/25,119.4,122.4,119.4,121.4
2023/07/26,120.9,121.4,118.9,119.4
2023/07/27,119.4,121.4,117.9,118.9
2023/07/28,119.4,122.9,118.9,121.4
2023/07/31,120.4,122.4,118.4,118.9
2023/08/01,118.9,120.4,117.9,118.4
2023/08/02,118.4,118.4,112.5,112.5
2023/08/04,113.0,117.9,112.5,117.4
2023/08/07,118.9,118.9,115.9,116.9
2023/08/08,116.9,116.9,113.5,114.0
2023/08/09,116.4,116.9,114.9,114.9
2023/08/10,114.0,114.0,108.5,110.5
2023/08/11,112.0,112.5,110.5,112.5
2023/08/14,113.0,113.0,110.5,111.5
2023/08/15,114.0,114.0,112.0,113.0
2023/08/16,112.0,112.5,110.5,111.5
2023/08/17,110.0,117.9,110.0,116.9
2023/08/18,117.9,118.9,114.9,114.9
2023/08/21,115.4,119.9,115.4,117.9
2023/08/22,118.9,120.4,117.4,117.4
2023/08/23,114.0,117.9,114.0,117.4
2023/08/24,117.9,120.4,117.4,118.4
2023/08/25,117.4,121.9,117.4,120.9
2023/08/28,120.9,125.8,119.4,121.4
2023/08/29,123.9,123.9,119.9,122.4
2023/08/30,123.4,126.3,122.9,122.9
2023/08/31,123.4,129.8,123.4,128.8
2023/09/01,127.3,128.3,126.3,126.3
2023/09/04,126.3,129.8,126.3,128.8
2023/09/05,128.8,128.8,126.8,127.8
2023/09/06,127.3,129.8,127.3,127.8
2023/09/07,127.8,130.3,126.8,127.8
2023/09/08,127.8,127.8,125.8,125.8
2023/09/11,128.3,130.8,127.8,127.8
2023/09/12,136.3,140.2,132.8,137.7
2023/09/13,141.7,150.1,140.7,143.7
2023/09/14,150.1,158.1,147.2,158.1
2023/09/15,155.6,161.0,154.1,161.0
2023/09/18,160.0,161.5,156.6,159.0
2023/09/19,159.5,161.0,155.1,156.6
2023/09/20,157.6,157.6,150.1,154.1
2023/09/21,153.6,154.6,150.6,153.6
2023/09/22,155.1,157.6,151.6,157.6
2023/09/25,157.1,160.0,155.6,156.6
2023/09/26,157.6,157.6,152.6,156.1
2023/09/27,154.6,159.0,154.1,155.1
2023/09/28,155.1,156.1,151.6,153.6
2023/10/02,155.6,158.1,153.6,154.6
2023/10/03,154.6,156.1,151.1,151.1
2023/10/04,149.6,151.1,147.6,149.6
2023/10/05,151.1,161.5,150.1,157.1
2023/10/06,157.1,157.1,150.1,151.1
2023/10/11,152.6,152.6,142.2,147.6
2023/10/12,143.7,149.1,143.2,144.2
2023/10/13,144.2,147.2,144.2,144.2
2023/10/16,142.7,143.7,139.7,142.2
2023/10/17,143.2,148.1,142.2,145.2
2023/10/18,145.2,146.2,137.7,141.7
2023/10/19,140.7,143.7,140.2,143.2
2023/10/20,142.7,142.7,137.2,137.2
2023/10/23,135.8,138.7,134.8,136.7
2023/10/24,137.2,138.7,136.7,137.7
2023/10/25,139.7,140.7,137.7,138.2
2023/10/26,136.7,136.7,133.3,133.3
2023/10/27,134.8,135.8,133.8,133.8
2023/10/30,135.8,139.7,135.3,136.7
2023/10/31,137.7,137.7,130.3,130.3
2023/11/01,131.8,132.8,128.3,130.3
2023/11/02,132.3,135.8,131.3,133.8
2023/11/03,135.3,135.8,132.8,135.3
2023/11/06,135.3,136.3,135.3,135.3
2023/11/07,135.3,142.2,135.3,141.2
2023/11/08,144.2,147.6,142.7,143.2
2023/11/09,139.2,142.2,137.7,139.7
2023/11/10,139.7,139.7,135.8,136.3
2023/11/13,139.2,139.2,134.8,135.3
2023/11/14,136.7,136.7,133.3,135.8
2023/11/15,136.7,140.7,136.7,139.2
2023/11/16,139.7,143.2,138.2,140.7
2023/11/17,141.2,142.7,138.2,138.2
2023/11/20,138.2,143.2,136.3,142.7
2023/11/21,143.2,145.7,141.2,142.7
2023/11/22,143.7,147.6,143.7,147.2
2023/11/23,147.2,148.6,143.7,144.2
2023/11/24,144.7,144.7,141.7,141.7
2023/11/27,142.2,143.7,140.2,140.2
2023/11/28,142.2,142.7,140.7,142.7
2023/11/29,143.2,144.7,142.7,143.2
2023/11/30,144.2,144.7,143.2,144.7
2023/12/01,145.2,146.7,144.2,145.7
2023/12/04,147.6,147.6,144.7,146.2
2023/12/05,146.2,146.2,142.7,142.7
2023/12/06,144.7,145.7,143.2,145.2
2023/12/07,144.2,145.7,143.7,144.7
2023/12/08,145.7,151.6,144.7,148.1
2023/12/11,148.1,149.1,145.7,147.6
2023/12/12,148.1,148.1,145.2,145.2
2023/12/13,147.2,147.2,145.2,145.2
2023/12/14,145.2,150.1,144.7,148.1
2023/12/15,149.1,157.6,149.1,153.6
2023/12/18,154.6,158.5,150.6,150.6
2023/12/19,151.1,151.1,145.7,148.1
2023/12/20,150.1,157.1,149.6,157.1
2023/12/21,154.6,160.0,152.6,154.1
2023/12/22,154.1,156.6,151.1,156.1
2023/12/25,159.0,159.0,153.1,156.1
2023/12/26,156.1,157.1,152.6,153.1
2023/12/27,154.1,165.5,153.6,163.0
2023/12/28,163.0,163.5,154.1,155.1
2023/12/29,158.1,170.4,157.1,169.0
2024/01/02,166.5,168.5,160.5,161.5
2024/01/03,161.5,163.5,158.5,162.0
2024/01/04,163.5,163.5,157.6,157.6
2024/01/05,157.6,163.5,155.6,156.1
2024/01/08,160.5,160.5,149.1,150.1
2024/01/09,153.1,157.6,152.6,157.1
2024/01/10,154.1,159.0,152.6,156.6
2024/01/11,157.6,158.5,154.6,157.6
2024/01/12,156.6,159.0,155.6,156.6
2024/01/15,158.5,158.5,155.1,155.1
2024/01/16,156.1,156.6,154.6,155.6
2024/01/17,155.6,158.1,152.6,153.1
2024/01/18,154.1,155.6,150.1,150.1
2024/01/19,151.1,154.1,151.1,151.6
2024/01/22,152.6,155.6,151.1,151.6
2024/01/23,153.1,155.1,150.1,153.6
2024/01/24,154.1,155.6,151.6,151.6
2024/01/25,153.6,153.6,152.1,152.6
2024/01/26,151.6,154.6,150.1,153.1
2024/01/29,152.6,158.1,152.6,157.6
2024/01/30,158.5,160.5,157.1,159.5
2024/01/31,159.5,162.0,158.1,158.5
2024/02/01,158.5,161.0,158.1,158.5
2024/02/02,160.0,160.0,157.1,159.0
2024/02/05,159.0,159.0,155.6,158.5
2024/02/15,159.0,168.5,158.1,168.5
2024/02/16,168.5,180.4,167.0,178.4
2024/02/19,178.9,184.8,176.4,181.3
2024/02/20,175.4,177.9,169.9,176.4
2024/02/21,178.4,181.8,175.9,179.9
2024/02/22,182.3,182.3,176.4,177.4
2024/02/23,178.4,180.8,174.4,174.4
2024/02/26,175.0,181.5,175.0,179.5
2024/02/27,181.0,196.0,181.0,187.5
2024/02/29,187.5,189.5,182.5,184.5
2024/03/01,185.0,202.5,183.5,200.0
2024/03/04,204.5,214.0,202.0,214.0
2024/03/05,212.0,212.0,201.5,208.5
2024/03/06,211.5,223.0,208.5,212.0
2024/03/07,212.0,213.0,203.5,206.0
2024/03/08,207.0,216.0,200.0,202.5
2024/03/11,196.0,201.5,193.0,193.0
2024/03/12,194.5,198.0,190.5,191.5
2024/03/13,192.5,194.5,186.0,186.0
2024/03/14,188.0,188.0,177.5,177.5
2024/03/15,177.0,180.5,176.5,176.5
2024/03/18,176.5,183.5,176.0,181.5
2024/03/19,182.0,193.5,182.0,187.0
2024/03/20,187.5,191.0,182.0,182.5
2024/03/21,187.0,195.0,186.5,193.0
2024/03/22,191.5,194.5,185.5,194.0
2024/03/25,196.0,196.0,188.0,191.0
2024/03/26,191.0,191.5,181.0,183.5
2024/03/27,183.0,186.5,182.5,185.5
2024/03/28,186.0,189.5,184.0,188.0
2024/03/29,192.0,193.0,184.5,186.0
2024/04/01,184.5,191.5,184.5,188.0
2024/04/02,190.0,190.5,186.5,188.5
2024/04/03,189.5,196.0,187.0,195.5
2024/04/08,198.0,210.0,197.0,207.5
2024/04/09,201.5,202.0,188.0,191.0
2024/04/10,193.0,193.0,188.0,188.5
2024/04/11,186.5,186.5,180.5,182.0
2024/04/12,183.0,185.0,181.5,183.0
2024/04/15,182.0,183.5,178.5,180.5
2024/04/16,178.5,178.5,170.0,172.5
2024/04/17,172.5,178.5,172.5,177.5
2024/04/18,178.0,178.5,170.0,171.0
2024/04/19,169.0,169.0,161.0,163.0
2024/04/22,162.5,162.5,154.0,154.0
2024/04/23,154.0,155.0,151.0,152.5
2024/04/24,157.0,161.0,155.0,158.5
2024/04/25,158.0,160.0,155.5,156.5
2024/04/26,157.5,162.0,157.5,158.5
2024/04/29,161.5,162.5,160.0,161.5
2024/04/30,164.0,164.0,162.0,163.0
2024/05/02,163.5,163.5,159.5,160.0
2024/05/03,163.0,163.0,155.5,155.5
2024/05/06,158.0,160.0,156.0,157.0
2024/05/07,157.0,157.5,154.5,156.5
2024/05/08,157.5,158.0,155.0,156.0
2024/05/09,157.5,159.0,155.0,157.5
2024/05/10,157.5,161.0,157.0,160.5
2024/05/13,164.0,164.0,158.0,159.5
2024/05/14,161.0,162.0,159.0,160.0
2024/05/15,161.0,163.5,160.0,161.0
2024/05/16,163.0,164.5,163.0,164.0
2024/05/17,166.0,170.0,164.0,166.5
2024/05/20,166.5,166.5,162.0,162.5
2024/05/21,162.5,165.0,161.0,164.0
2024/05/22,163.0,166.5,163.0,164.0
2024/05/23,162.0,164.0,161.5,162.0
2024/05/24,161.5,166.5,161.5,164.5
2024/05/27,164.5,167.0,163.5,166.5
2024/05/28,166.5,167.5,164.5,165.0
2024/05/29,165.0,175.5,163.5,175.0
2024/05/30,174.0,174.0,169.0,169.0
2024/05/31,171.5,171.5,167.0,167.5
2024/06/03,168.5,169.0,167.5,168.0
2024/06/04,169.5,173.5,168.5,170.0
2024/06/05,170.5,172.5,166.0,166.0
2024/06/06,166.0,170.5,166.0,170.0
2024/06/07,171.5,176.0,170.5,174.5
2024/06/11,174.5,176.5,170.0,174.0
2024/06/12,174.0,177.0,172.0,176.5
2024/06/13,179.5,186.0,178.0,180.5
2024/06/14,180.5,193.5,180.5,189.5
2024/06/17,189.0,191.5,186.0,186.0
2024/06/18,188.5,192.0,186.0,186.0
2024/06/19,187.5,192.0,185.0,185.5
2024/06/20,186.0,188.0,184.0,186.0
2024/06/21,186.5,192.5,185.5,191.0
2024/06/24,191.0,192.0,187.0,187.5
2024/06/25,189.0,189.0,183.5,188.5
2024/06/26,188.5,198.0,188.5,193.0
2024/06/27,192.5,193.0,189.5,190.0
2024/06/28,191.5,195.5,190.0,193.0
2024/07/01,195.0,195.0,190.0,190.5
2024/07/02,190.0,192.5,188.0,191.0
2024/07/03,193.0,194.0,189.5,191.5
2024/07/04,193.0,194.5,190.0,191.5
2024/07/05,193.5,202.5,192.0,200.0
2024/07/08,199.5,200.0,194.0,196.0
2024/07/09,196.0,197.5,185.0,190.0
2024/07/10,187.5,193.0,187.5,191.0
2024/07/11,192.5,193.0,188.5,189.0
2024/07/12,190.0,198.0,186.0,194.0
2024/07/15,196.5,197.0,189.0,190.5
2024/07/16,192.5,194.5,189.5,194.0
2024/07/17,192.5,199.5,192.5,197.5
2024/07/18,197.5,197.5,188.0,192.5
2024/07/19,192.0,195.5,189.0,193.0
2024/07/22,194.0,194.0,185.0,190.0
2024/07/23,192.0,193.5,188.5,188.5
2024/07/26,185.5,188.0,183.5,185.5
2024/07/29,189.0,189.0,171.0,171.0
2024/07/30,171.0,174.5,167.0,173.0
2024/07/31,170.0,175.5,170.0,172.5
2024/08/01,175.0,179.5,173.5,178.0
2024/08/02,174.5,178.5,169.0,169.0
2024/08/05,163.0,163.0,152.5,152.5
2024/08/06,156.0,156.0,137.5,147.5
2024/08/07,143.5,158.5,143.5,158.5
2024/08/08,158.5,164.5,157.0,157.5
2024/08/09,160.0,163.0,156.5,156.5
2024/08/12,158.0,161.5,157.5,157.5
2024/08/13,160.0,160.0,156.0,158.5
2024/08/14,160.0,161.0,158.0,159.0
2024/08/15,159.0,164.5,158.0,163.0
2024/08/16,164.5,166.0,162.5,163.0
2024/08/19,165.5,165.5,162.0,162.0
2024/08/20,163.0,167.5,163.0,164.0
2024/08/21,164.0,164.5,160.5,162.0
2024/08/22,164.0,164.0,161.0,161.0
2024/08/23,162.0,163.0,160.0,162.5
2024/08/26,162.5,166.5,162.5,166.0
2024/08/27,167.5,167.5,163.0,165.0
2024/08/28,165.0,166.0,163.5,163.5
2024/08/29,162.0,164.0,161.0,163.0
2024/08/30,164.0,165.5,164.0,165.0
2024/09/02,166.0,168.0,165.0,167.0
2024/09/03,167.0,167.0,160.5,160.5
2024/09/04,154.5,155.5,149.5,151.5
2024/09/05,155.0,156.5,151.5,153.0
2024/09/06,153.0,155.5,150.5,152.0
2024/09/09,148.5,155.5,148.5,155.0
2024/09/10,155.0,155.5,148.5,150.0
2024/09/11,150.0,150.5,148.0,148.5
2024/09/12,150.0,153.0,149.5,150.5
2024/09/13,153.5,153.5,150.0,150.0
2024/09/16,150.0,153.5,150.0,152.5
2024/09/18,153.0,153.0,150.5,153.0
2024/09/19,154.0,168.0,154.0,165.5
2024/09/20,164.5,167.0,162.0,164.5
2024/09/23,165.0,168.5,164.0,168.0
2024/09/24,167.5,180.5,167.5,175.0
2024/09/25,177.5,179.5,173.0,175.0
2024/09/26,176.0,182.5,176.0,179.0
2024/09/27,181.5,181.5,177.5,178.5
2024/09/30,180.0,180.0,171.5,172.0
2024/10/01,171.0,182.0,168.5,177.0
2024/10/04,180.0,180.0,168.0,169.0
2024/10/07,171.0,172.5,169.5,171.0
2024/10/08,170.0,172.0,168.5,170.5
2024/10/09,171.0,176.0,170.5,174.5
2024/10/11,175.0,176.0,169.0,169.5
2024/10/14,178.0,186.0,178.0,186.0
2024/10/15,195.0,204.5,190.5,191.0
2024/10/16,190.5,202.0,190.5,194.5
2024/10/17,196.0,200.5,192.5,194.0
2024/10/18,192.0,195.5,188.0,188.5
2024/10/21,190.0,195.0,190.0,191.5
2024/10/22,191.5,192.0,187.5,188.0
2024/10/23,188.0,189.5,185.0,187.0
2024/10/24,186.5,194.5,183.5,187.5
2024/10/25,188.5,189.5,185.5,186.5
2024/10/28,187.0,188.0,180.0,181.5
2024/10/29,181.5,181.5,174.0,176.5
2024/10/30,179.0,179.0,175.0,176.0
2024/11/01,174.0,174.5,170.0,172.5
2024/11/04,172.5,174.0,171.5,172.5
2024/11/05,176.0,182.0,175.5,176.0
2024/11/06,179.0,179.0,174.0,174.0
2024/11/07,174.0,177.5,174.0,175.5
2024/11/08,176.0,181.0,171.5,171.5
2024/11/11,173.0,176.5,170.5,174.5
2024/11/12,172.5,178.5,171.0,176.5
2024/11/13,176.0,176.0,172.5,172.5
2024/11/14,172.0,175.5,170.0,172.0
2024/11/15,173.0,174.5,170.5,172.0
2024/11/18,171.5,172.0,161.0,163.0
2024/11/19,164.0,166.0,163.5,163.5
2024/11/20,165.0,166.5,163.5,165.0
2024/11/21,164.5,166.5,163.0,165.5
2024/11/22,168.0,175.0,168.0,172.5
2024/11/25,172.5,182.5,171.5,174.5
2024/11/26,175.0,179.0,171.5,172.0
2024/11/27,172.5,173.0,167.0,167.0
2024/11/28,167.0,167.5,162.5,166.5
2024/11/29,164.5,172.0,164.5,172.0
2024/12/02,173.0,189.0,172.0,184.5
2024/12/03,190.5,197.0,186.5,191.5
2024/12/04,192.0,192.0,186.5,190.5
2024/12/05,197.5,197.5,188.0,189.0
2024/12/06,188.5,189.5,182.0,182.0
2024/12/09,179.0,180.5,174.0,175.5
2024/12/10,175.5,178.0,171.0,171.0
2024/12/11,172.0,174.5,170.5,171.5
2024/12/12,175.0,176.5,171.5,171.5
2024/12/13,171.5,177.0,170.0,173.5
2024/12/16,176.0,177.5,167.0,167.5
2024/12/17,167.5,170.5,167.5,168.5
2024/12/18,168.5,170.5,166.0,169.0
2024/12/19,166.0,168.5,165.0,166.5
2024/12/20,166.0,166.5,164.0,164.0
2024/12/23,165.0,167.0,164.0,165.0
2024/12/24,165.5,166.5,162.0,163.0
2024/12/25,163.0,168.0,163.0,167.5
2024/12/26,167.5,168.0,164.5,166.5
2024/12/27,166.0,166.0,163.5,163.5
2024/12/30,163.0,163.0,161.0,161.0
2024/12/31,160.5,161.0,155.0,157.5
2025/01/02,157.5,158.5,153.5,153.5
2025/01/03,156.0,156.0,152.5,153.0
2025/01/06,156.0,156.0,152.0,153.0
2025/01/07,154.0,155.0,152.0,153.0
2025/01/08,155.0,156.0,153.5,154.5
2025/01/09,153.5,153.5,148.0,149.0
2025/01/10,149.0,150.5,148.0,149.0
2025/01/13,148.0,148.0,141.5,143.0
2025/01/14,143.0,146.5,143.0,145.0
2025/01/15,145.5,147.0,142.5,145.0
2025/01/16,146.5,146.5,144.0,145.0
2025/01/17,145.5,145.5,142.0,144.5
2025/01/20,145.0,148.0,145.0,147.0
2025/01/21,147.0,152.0,147.0,152.0
2025/01/22,153.0,153.0,150.0,152.0
2025/02/03,147.5,149.0,144.0,149.0
2025/02/04,148.0,148.5,146.0,147.0
2025/02/05,149.0,154.5,148.0,153.0
2025/02/06,153.0,155.0,151.0,152.5
2025/02/07,152.0,154.0,151.5,152.5
2025/02/10,149.0,150.0,148.0,148.0
2025/02/11,147.5,151.5,147.0,149.0
2025/02/12,150.0,152.0,147.0,147.0
2025/02/13,147.0,151.5,146.0,149.5
2025/02/14,150.0,151.5,149.0,149.5
2025/02/17,149.5,153.5,149.5,151.5
2025/02/18,152.0,161.0,152.0,158.0
2025/02/19,158.5,158.5,155.0,156.0
2025/02/20,156.5,158.5,155.5,156.5
2025/02/21,158.0,158.0,154.5,155.5
2025/02/24,156.0,156.0,153.0,153.5
2025/02/25,153.5,154.5,146.5,148.0
2025/02/26,149.0,150.5,148.5,148.5
2025/02/27,150.0,150.5,146.5,147.0
2025/03/03,143.5,145.5,142.0,144.5
2025/03/04,143.0,145.5,141.0,145.5
2025/03/05,145.5,145.5,143.0,144.0
2025/03/06,144.5,145.0,141.5,142.5
2025/03/07,142.5,142.5,138.5,140.5
2025/03/10,140.0,140.0,135.0,137.0
2025/03/11,133.0,137.0,128.0,137.0
2025/03/12,138.0,139.0,136.0,137.0
2025/03/13,139.5,140.5,136.0,136.5
2025/03/14,136.5,138.5,133.5,137.0
2025/03/17,136.5,138.0,134.5,138.0
2025/03/18,139.5,139.5,136.5,139.0
2025/03/19,139.0,140.0,137.5,140.0
2025/03/20,140.5,143.0,140.5,143.0
2025/03/21,143.5,143.5,141.5,143.5
2025/03/24,143.0,143.0,141.5,141.5
2025/03/25,142.5,142.5,139.0,139.0
2025/03/26,140.5,140.5,137.5,138.5
2025/03/27,136.5,138.5,136.0,138.0
2025/03/28,136.0,137.5,132.0,137.0
2025/03/31,130.0,132.5,123.5,124.0
2025/04/01,126.5,127.5,125.0,126.0
2025/04/02,125.0,138.0,122.0,137.5
2025/04/07,124.0,124.0,124.0,124.0
2025/04/08,112.0,115.0,112.0,112.0
2025/04/09,104.0,107.0,101.0,101.0
2025/04/10,111.0,111.0,111.0,111.0
2025/04/11,110.0,112.5,99.9,112.5
2025/04/14,114.5,117.5,113.0,113.5
2025/04/15,115.0,121.5,115.0,120.0
2025/04/16,118.0,118.5,114.5,116.0
2025/04/17,117.0,117.0,113.5,116.0
2025/04/18,117.5,117.5,115.0,117.5
2025/04/21,115.5,116.0,112.0,112.5
2025/04/22,112.5,115.0,111.0,112.0
2025/04/23,114.0,117.0,114.0,115.0
2025/04/24,117.0,117.0,114.0,114.5
2025/04/25,118.5,120.5,117.0,118.0
2025/04/28,116.5,120.0,116.5,117.5
2025/04/29,118.5,123.0,118.0,122.0
2025/04/30,122.0,123.5,120.0,120.0
2025/05/02,121.0,123.0,120.5,121.0
2025/05/05,121.0,121.0,115.0,119.0
2025/05/06,120.0,122.0,119.5,120.5
2025/05/07,122.0,122.0,119.0,121.0
2025/05/08,121.0,122.0,119.0,119.0
2025/05/09,117.5,122.0,117.5,122.0
2025/05/12,124.5,126.0,124.0,125.5
2025/05/13,128.5,129.0,125.0,125.5
2025/05/14,127.0,128.5,127.0,128.5
2025/05/15,130.0,130.0,127.0,127.0
2025/05/16,129.0,129.5,126.0,126.0
2025/05/19,125.5,126.0,123.0,125.0
2025/05/20,127.5,127.5,123.0,123.5
2025/05/21,123.5,131.0,123.5,128.0
2025/05/22,125.5,127.5,125.5,126.5
2025/05/23,126.0,126.5,125.0,125.0
2025/05/26,125.0,125.0,122.5,124.0
2025/05/27,124.0,124.0,122.0,122.0
2025/05/28,122.0,123.0,121.0,122.0
2025/05/29,122.0,124.5,120.0,124.5
2025/06/02,123.0,123.0,119.5,120.0
2025/06/03,121.5,128.5,120.0,121.0
2025/06/04,122.5,125.5,121.5,125.5
2025/06/05,125.0,127.5,125.0,125.5
2025/06/06,123.5,124.5,123.5,124.0
2025/06/09,124.0,124.0,122.5,122.5
2025/06/10,122.5,122.5,121.0,121.5
2025/06/11,122.0,122.0,121.5,121.5
2025/06/12,123.0,124.0,122.0,122.0
2025/06/13,120.5,120.5,117.0,118.0
2025/06/16,120.0,120.5,120.0,120.5
2025/06/17,121.0,124.0,118.0,120.0
2025/06/18,120.0,120.5,118.5,120.5
2025/06/19,121.5,121.5,117.0,117.0
2025/06/20,115.0,116.5,113.5,116.0
2025/06/23,115.5,115.5,111.0,114.5
2025/06/24,117.5,117.5,116.5,117.0
2025/06/25,119.0,119.0,116.0,117.0
2025/06/26,119.0,121.0,118.5,119.0
2025/06/27,122.0,122.0,119.0,119.0
2025/06/30,119.0,121.0,117.0,119.0
2025/07/01,120.5,121.5,118.0,118.5
2025/07/02,117.0,118.5,117.0,117.5
2025/07/03,118.0,121.5,118.0,121.5
2025/07/04,121.0,123.5,117.5,117.5
2025/07/07,117.5,117.5,114.0,116.5
2025/07/08,114.5,114.5,111.5,111.5
2025/07/09,110.5,111.0,108.5,110.5
2025/07/10,110.0,112.5,110.0,112.0
2025/07/11,114.5,114.5,110.5,112.5
2025/07/14,110.0,110.0,108.5,110.0
2025/07/15,111.0,111.0,108.5,109.5
2025/07/16,111.5,113.5,110.5,113.0
2025/07/17,114.5,118.5,114.5,117.0
2025/07/18,116.5,119.0,115.5,115.5
2025/07/21,118.0,118.0,114.5,114.5
2025/07/22,116.0,116.0,111.5,111.5
2025/07/23,113.0,114.0,111.5,114.0
2025/07/24,115.0,119.0,112.5,113.5
2025/07/25,113.5,115.0,113.5,114.5
2025/07/28,114.5,116.5,114.5,114.5
2025/07/29,114.5,115.0,112.5,114.0
2025/07/30,114.5,114.5,113.5,114.5
2025/07/31,114.0,114.0,110.0,110.5
2025/08/01,109.0,111.5,109.0,110.5
2025/08/04,110.5,110.5,109.0,110.0
2025/08/05,112.5,114.0,110.5,112.5
2025/08/06,112.5,113.5,110.0,110.5
2025/08/07,110.5,111.5,109.5,110.0
2025/08/08,109.5,110.0,108.0,108.0
2025/08/11,105.5,106.5,103.0,105.0
2025/08/12,106.0,107.5,106.0,106.5
2025/08/13,107.5,111.0,107.5,108.5
2025/08/14,108.0,108.5,107.5,107.5
2025/08/15,107.5,107.5,106.0,107.0
2025/08/18,106.0,107.5,105.0,107.0
2025/08/19,107.0,110.0,107.0,108.5
2025/08/20,109.0,109.0,106.0,106.5
2025/08/21,107.0,110.0,107.0,110.0
2025/08/22,110.0,110.5,108.0,108.5
2025/08/25,108.5,111.0,108.5,110.0
2025/08/26,110.5,111.0,109.0,110.0
2025/08/27,110.0,112.0,110.0,111.0
2025/08/28,112.0,112.0,110.5,110.5
2025/08/29,112.5,113.5,111.0,113.5
2025/09/01,113.5,114.0,110.0,111.0
2025/09/02,111.0,111.0,107.5,107.5
2025/09/03,109.0,109.5,108.0,108.0
2025/09/04,110.5,110.5,107.0,107.0
2025/09/05,107.5,108.5,107.0,108.5
2025/09/08,108.5,112.0,108.5,109.5
2025/09/09,106.0,106.0,99.8,100.5
2025/09/10,100.5,101.0,95.0,95.2
2025/09/11,95.5,95.5,91.4,92.5
2025/09/12,92.5,97.0,92.5,94.1
2025/09/15,94.1,95.7,92.3,93.7
2025/09/16,93.9,94.5,92.5,93.1
2025/09/17,93.6,99.8,93.6,96.7
2025/09/18,96.8,97.5,96.5,97.0
2025/09/19,100.0,100.0,96.4,96.5
2025/09/22,96.1,98.0,95.6,95.8
2025/09/23,96.5,96.5,94.3,95.0
2025/09/24,97.9,97.9,94.6,95.3
2025/09/25,96.9,98.9,93.7,95.3
2025/09/26,94.8,94.8,92.0,93.0
2025/09/30,94.0,94.0,93.0,93.1
2025/10/01,94.5,95.3,93.8,94.1
2025/10/02,94.1,94.9,93.3,93.9
2025/10/03,93.7,96.4,93.7,94.3
2025/10/07,97.0,99.5,94.6,98.5
2025/10/08,99.9,100.5,98.1,100.5
2025/10/09,99.9,103.0,99.6,102.5
2025/10/13,94.3,100.5,94.3,99.8
2025/10/14,99.8,102.0,98.6,99.7
2025/10/15,100.0,100.0,94.1,94.1
2025/10/16,94.7,98.0,94.7,97.4
2025/10/17,97.6,98.4,97.5,98.3
2025/10/20,96.3,96.3,96.1,96.1
2025/10/21,96.3,97.9,96.3,96.6
2025/10/22,96.7,96.7,96.7,96.7
2025/10/23,96.7,96.7,95.5,95.5
2025/10/27,96.6,98.9,96.6,98.9
2025/10/28,97.3,97.9,96.7,97.0
2025/10/29,96.2,96.2,94.2,94.3
2025/10/30,93.6,93.7,91.0,91.4
2025/10/31,93.0,93.0,91.4,92.0
2025/11/03,92.9,92.9,90.7,91.2
2025/11/04,91.3,91.3,86.8,88.6
2025/11/05,88.3,90.2,86.1,89.6
2025/11/06,90.0,90.5,89.7,90.0
2025/11/07,89.0,89.5,88.7,88.9
2025/11/10,88.9,89.9,87.6,89.1
2025/11/11,87.9,89.0,86.3,87.0
2025/11/12,87.0,87.0,86.2,86.5
2025/11/13,86.5,86.5,83.0,85.3
2025/11/14,85.3,88.4,85.3,86.8
2025/11/17,86.5,86.6,85.3,85.3
2025/11/18,85.3,87.6,82.9,84.4
2025/11/19,85.3,85.3,83.0,83.4
2025/11/20,84.5,84.5,83.0,84.4
2025/11/21,84.4,84.4,83.0,84.4
2025/11/24,84.4,85.5,84.3,85.5
2025/11/25,85.5,86.0,85.5,86.0
2025/11/26,86.6,89.7,86.6,89.2
2025/11/27,89.2,89.5,89.2,89.2
2025/11/28,90.6,90.6,88.8,89.8
2025/12/01,90.3,95.7,89.1,95.3
2025/12/02,96.0,96.0,92.5,92.5
2025/12/03,92.9,93.2,92.6,93.2
2025/12/04,92.8,93.2,91.2,91.2
2025/12/05,90.7,93.2,90.5,90.9
2025/12/08,93.0,93.0,91.9,91.9
2025/12/09,90.5,95.2,90.5,95.0
2025/12/10,95.0,97.7,93.7,97.7
2025/12/11,98.7,102.5,97.8,98.2
2025/12/12,100.0,103.0,95.8,103.0
2025/12/15,100.0,104.0,98.3,99.9
2025/12/16,101.5,101.5,98.0,101.0
2025/12/17,101.0,102.0,100.0,101.0
2025/12/18,100.0,101.0,100.0,101.0
2025/12/19,101.0,101.0,98.2,99.2
2025/12/22,101.5,101.5,99.0,99.0
2025/12/23,99.0,99.2,98.0,99.2
2025/12/24,99.5,99.6,98.3,99.0
2025/12/26,99.0,102.0,98.9,102.0
2025/12/29,103.0,105.0,101.5,104.5
2025/12/30,104.5,105.0,101.5,103.5
2025/12/31,105.0,105.5,102.0,102.5
2026/01/02,102.5,103.0,100.0,100.0
2026/01/05,101.0,101.0,96.3,100.0
2026/01/06,100.0,101.0,99.1,99.9
2026/01/07,99.3,102.0,99.0,100.5
2026/01/08,102.0,104.5,100.5,101.0
2026/01/09,101.0,109.5,101.0,105.5
2026/01/12,105.5,105.5,102.0,103.0
2026/01/13,104.5,105.0,100.0,102.0
2026/01/14,102.0,104.0,100.0,102.5
2026/01/15,102.5,102.5,99.8,102.5
2026/01/16,102.0,105.0,100.5,103.5
2026/01/19,104.0,108.5,104.0,107.0
2026/01/20,107.0,108.0,104.5,106.0
2026/01/21,106.0,110.5,105.0,107.0
2026/01/22,109.5,111.0,107.0,110.5
2026/01/23,110.5,115.0,109.0,114.5
2026/01/26,117.5,118.5,112.0,112.5
2026/01/27,112.0,112.0,108.5,109.0
2026/01/28,110.5,110.5,108.0,109.0
2026/01/29,109.0,119.5,106.0,119.5
2026/01/30,120.0,131.0,119.5,131.0
2026/02/02,131.5,141.5,126.5,128.0
2026/02/03,139.5,140.5,139.0,140.5
2026/02/04,145.0,151.0,138.5,150.0
2026/02/05,149.0,152.5,145.5,147.5
2026/02/06,145.0,147.0,137.0,146.0
2026/02/09,149.0,151.0,142.0,144.5
2026/02/10,145.0,154.0,142.0,144.0
2026/02/11,144.0,148.0,138.5,143.5
2026/02/23,151.5,154.0,145.0,151.0
2026/02/24,152.5,166.0,151.0,166.0
2026/02/25,170.0,178.0,168.5,175.5
2026/02/26,175.0,177.5,169.5,174.5
2026/03/02,165.0,191.0,163.5,188.0
2026/03/03,188.0,190.5,177.0,188.5
2026/03/04,182.0,184.5,173.5,176.0
2026/03/05,190.0,193.5,185.0,193.5
2026/03/06,212.5,212.5,212.5,212.5
2026/03/09,195.5,233.5,195.5,233.5
2026/03/10,244.5,256.5,243.5,256.5
2026/03/11,282.0,282.0,282.0,282.0
2026/03/12,303.0,310.0,292.0,304.0
2026/03/13,295.0,313.0,288.0,305.0
2026/03/16,307.0,319.0,297.5,309.0
2026/03/17,306.0,307.5,301.0,307.0
2026/03/18,306.5,337.5,299.0,330.0
2026/03/19,340.0,358.0,339.0,357.0
2026/03/20,367.5,367.5,340.0,341.5
2026/03/23,310.0,310.0,307.5,307.5
2026/03/24,307.5,307.5,277.0,277.0
2026/03/25,304.5,304.5,304.5,304.5
2026/03/26,325.0,333.5,322.0,322.0
2026/03/27,301.0,344.0,301.0,344.0
2026/03/30,336.5,340.0,314.5,340.0
2026/03/31,331.0,331.0,306.0,309.5
2026/04/01,340.0,340.0,329.5,329.5
2026/04/02,325.0,330.5,303.0,312.0
2026/04/07,330.0,343.0,310.0,343.0
2026/04/08,377.0,377.0,352.5,377.0
2026/04/09,400.0,414.5,398.5,414.5
2026/04/10,441.0,452.5,411.0,439.0
2026/04/13,425.0,432.0,404.5,416.0
2026/04/14,430.0,434.5,385.0,391.0
2026/04/15,390.0,430.0,388.5,430.0
2026/04/16,445.0,460.0,421.0,431.5
2026/04/20,433.0,468.5,432.0,468.5
2026/04/21,485.0,487.0,442.5,448.0
2026/04/22,450.5,458.0,417.5,420.5
2026/04/23,425.0,426.0,378.5,400.0
2026/04/24,412.0,416.0,391.0,403.5
2026/04/27,404.0,405.5,371.0,381.0
2026/04/28,381.5,391.5,365.0,373.5
2026/04/29,369.5,385.5,369.5,371.0
2026/04/30,387.0,407.0,379.0,400.5
2026/05/04,416.0,431.0,412.5,426.0
2026/05/05,425.0,450.5,415.0,444.0
2026/05/06,480.0,484.5,419.5,435.0
2026/05/07,439.0,470.0,439.0,467.0
2026/05/08,442.0,450.5,423.5,445.0
2026/05/11,445.0,489.5,440.5,489.5
2026/05/12,490.0,514.0,477.5,480.0
2026/05/13,474.5,482.0,464.0,468.0
2026/05/14,473.5,492.0,470.0,487.0
2026/05/15,487.0,492.0,466.5,479.0
2026/05/18,468.0,526.0,465.0,526.0
2026/05/19,534.0,558.0,476.5,484.0
2026/05/20,478.5,485.0,453.0,481.0
2026/05/21,496.0,500.0,474.5,477.0
2026/05/22,481.5,492.0,457.5,461.5
2026/05/25,465.5,472.0,456.0,459.5
2026/05/26,454.5,481.5,450.0,479.5
2026/05/27,485.0,485.0,463.0,467.0
2026/05/28,455.0,458.0,425.5,429.5
2026/05/29,429.5,453.5,426.0,436.0
2026/06/01,443.0,455.0,428.0,453.0
2026/06/02,443.5,453.0,431.0,437.5
2026/06/03,453.0,481.0,453.0,481.0
2026/06/04,476.0,501.0,451.0,455.0
2026/06/05,444.5,447.0,425.0,434.0
2026/06/08,400.0,421.0,398.0,421.0
2026/06/09,412.0,456.0,410.0,423.5
2026/06/10,410.0,410.0,380.0,380.0
2026/06/11,360.0,380.0,349.0,371.0
2026/06/12,388.0,406.0,381.0,391.5
2026/06/15,406.5,406.5,393.0,393.0
2026/06/16,407.0,432.0,407.0,432.0
2026/06/17,424.5,475.0,424.5,475.0
